Workbook

Sheet Code
A1: HUNGARY 2008-2009
A4: Code | B4: Economic activities
A5: A01 | B5: Agriculture and hunting
A6: A02 | B6: Forestry and logging
A7: A03 | B7: Fishing and aquaculture
A8: B05 | B8: Mining of coal and lignite
A9: B06 | B9: Extraction of crude petroleum and natural gas
A10: B07 | B10: Mining of metal ores
A11: B08 | B11: Other mining and quarrying
A12: B09 | B12: Mining support service activities
A13: C10T12 | B13: Manufacture of food products; beverages and tobacco products
A14: C13T15 | B14: Manufacture of textiles, wearing apparel, leather and related products
A15: C16 | B15: Manufacture of wood and of products of wood and cork
... A54: T | B54: Activities of households as employers; undifferentiated goods- and services-producing activities of households for own use

Sheet HUNGARY2008ttl
B1: A01_02 | C1: A03 | D1: B05_06 | E1: B07_08 | F1: B09 | G1: C10T12 | H1: C13T15 | I1: C16 | J1: C17_18 | K1: C19 | L1: C20 | M1: C21 | N1: C22 | O1: C23 | P1: C24 | Q1: C25 | R1: C26 | S1: C27 | T1: C28 | U1: C29 | V1: C30 | W1: C31T33 | X1: D | Y1: E | Z1: F | AA1: G | AB1: H49 | AC1: H50 | AD1: H51 | AE1: H52 | AF1: H53 | AG1: I | AH1: J58T60 | AI1: J61 | AJ1: J62_63 | AK1: K | AL1: L | AM1: M | AN1: N | AO1: O | AP1: P | AQ1: Q | AR1: R | AS1: S | AT1: T | AU1: HFCE | AV1: NPISH | AW1: GGFC | AX1: GFCF | AY1: INVNT | AZ1: DPABR | BA1: CONS_NONRES | BB1: EXPO | BC1: IMPO | BD1: Final Demand(F) | BE1: output(X)
A2: TTL_A01_02 | B2: 2817 | C2: 5.1 | D2: 0.6 | E2: 0.6 | F2: 0.2 | G2: 4082.4 | H2: 15.3 | I2: 103.6 | J2: 10.7 | K2: 17.9 | L2: 18.6 | M2: 19.7 | N2: 46.6 | O2: 10.6 | P2: 8.1 | Q2: 9.9 | R2: 18.9 | S2: 14.3 | T2: 9.1 | U2: 30.5 | V2: 1.1 | W2: 18.6 | X2: 112.3 | Y2: 9 | Z2: 42.2 | AA2: 413.1 | AB2: 17.6 | AC2: 0.7 | AD2: 3.7 | AE2: 15.7 | AF2: 0.5 | AG2: 118.7 | AH2: 8.5 | AI2: 6.8 | AJ2: 2.5 | AK2: 6.1 | AL2: 18.2 | AM2: 28.7 | AN2: 21.3 | AO2: 13.6 | AP2: 5.1 | AQ2: 27.4 | AR2: 5.7 | AS2: 15 | AT2: 0 | AU2: 2531.1 | AV2: 0.4 | AW2: 25 | AX2: 422.7 | AY2: 151.6 | AZ2: 18.4 | BA2: 70.7 | BB2: 3274.3 | BC2: -927.3 | BD2: =SUM(AU2:BC2) -> 5566.9 | BE2: =SUM(B2:BC2) -> 13718.7
A3: TTL_A03 | B3: 1.8 | C3: 7.2 | D3: 0 | E3: 0 | F3: 0 | G3: 2.7 | H3: 0 | I3: 0 | J3: 0 | K3: 0.1 | L3: 0 | M3: 0 | N3: 0 | O3: 0 | P3: 0 | Q3: 0 | R3: 0.1 | S3: 0 | T3: 0 | U3: 0.2 | V3: 0 | W3: 0 | X3: 0.1 | Y3: 0 | Z3: 0.2 | AA3: 0.4 | AB3: 0 | AC3: 0 | AD3: 0 | AE3: 0.1 | AF3: 0 | AG3: 12.7 | AH3: 0 | AI3: 0 | AJ3: 0 | AK3: 0 | AL3: 0.1 | AM3: 0.1 | AN3: 0.1 | AO3: 0 | AP3: 0 | AQ3: 0.1 | AR3: 0.4 | AS3: 0.1 | AT3: 0 | AU3: 28.9 | AV3: 0.5 | AW3: 0.9 | AX3: 1.7 | AY3: 0.6 | AZ3: 1.1 | BA3: 4.6 | BB3: 3.1 | BC3: -7.2 | BD3: =SUM(AU3:BC3) -> 34.2 | BE3: =SUM(B3:BC3) -> 60.7 | BI3: Bottom 5 Industries
A4: TTL_B05_06 | B4: 39.1 | C4: 0.1 | D4: 15.3 | E4: 11.6 | F4: 0.6 | G4: 51.5 | H4: 2.2 | I4: 2.1 | J4: 9.4 | K4: 2216.9 | L4: 132.4 | M4: 10.9 | N4: 2.8 | O4: 60.4 | P4: 168.9 | Q4: 4.8 | R4: 5.2 | S4: 3.5 | T4: 3.6 | U4: 12.9 | V4: 2.7 | W4: 1.4 | X4: 1042 | Y4: 11.4 | Z4: 44.3 | AA4: 72 | AB4: 52 | AC4: 0.4 | AD4: 1.8 | AE4: 43.9 | AF4: 2.4 | AG4: 33.4 | AH4: 2.5 | AI4: 4.9 | AJ4: 1.5 | AK4: 6.6 | AL4: 24 | AM4: 36.9 | AN4: 15.3 | AO4: 50.8 | AP4: 50.7 | AQ4: 63 | AR4: 29.3 | AS4: 9.1 | AT4: 0 | AU4: 622.1 | AV4: 0 | AW4: 2.2 | AX4: 55.8 | AY4: 59.2 | AZ4: 0.6 | BA4: 1 | BB4: 52.5 | BC4: -4895.3 | BD4: =SUM(AU4:BC4) -> -4101.9 | BE4: =SUM(B4:BC4) -> 254.6
A5: TTL_B07_08 | B5: 21 | C5: 0 | D5: 27.1 | E5: 17.3 | F5: 7.9 | G5: 51.3 | H5: 1.2 | I5: 1.6 | J5: 5 | K5: 1 | L5: 14.4 | M5: 1.7 | N5: 8.4 | O5: 136.7 | P5: 31.2 | Q5: 20.8 | R5: 6.2 | S5: 10.4 | T5: 7.9 | U5: 16.5 | V5: 0.5 | W5: 3.6 | X5: 2.1 | Y5: 5.6 | Z5: 142 | AA5: 33.6 | AB5: 1.3 | AC5: 0.2 | AD5: 0 | AE5: 1.9 | AF5: 0 | AG5: 0.4 | AH5: 0.4 | AI5: 0.2 | AJ5: 1.3 | AK5: 0.2 | AL5: 51.9 | AM5: 9.5 | AN5: 2.6 | AO5: 2 | AP5: 2 | AQ5: 5.2 | AR5: 2.1 | AS5: 5.7 | AT5: 0 | AU5: 71.5 | AV5: 0 | AW5: 2.3 | AX5: 36.8 | AY5: 8.9 | AZ5: 0.2 | BA5: 0.8 | BB5: 49.6 | BC5: -436.1 | BD5: =SUM(AU5:BC5) -> -266 | BE5: =SUM(B5:BC5) -> 395.9 | BI5: Top 5 Industries
A6: TTL_B09 | B6: 0.4 | C6: 0 | D6: 38 | E6: 0.6 | F6: 9.2 | G6: 0.5 | H6: 0 | I6: 0.2 | J6: 0.1 | K6: 46.9 | L6: 1 | M6: 0.1 | N6: 0.7 | O6: 0.5 | P6: 2.9 | Q6: 0.1 | R6: 0.5 | S6: 0.2 | T6: 0.4 | U6: 1.8 | V6: 0.1 | W6: 0.5 | X6: 8 | Y6: 0.2 | Z6: 6.1 | AA6: 1.2 | AB6: 0.5 | AC6: 0 | AD6: 0 | AE6: 0.4 | AF6: 0 | AG6: 0.3 | AH6: 0.1 | AI6: 0.1 | AJ6: 0.1 | AK6: 0.2 | AL6: 0.5 | AM6: 0.8 | AN6: 0.3 | AO6: 0.4 | AP6: 0.3 | AQ6: 0.7 | AR6: 0.3 | AS6: 0.1 | AT6: 0 | AU6: 3.4 | AV6: 0 | AW6: 0.1 | AX6: 31.4 | AY6: 0.5 | AZ6: 0.1 | BA6: 0 | BB6: 54.3 | BC6: -29.7 | BD6: =SUM(AU6:BC6) -> 60.1 | BE6: =SUM(B6:BC6) -> 185.4
A7: TTL_C10T12 | B7: 954.6 | C7: 2.9 | D7: 1 | E7: 0.3 | F7: 0.1 | G7: 1373.7 | H7: 5 | I7: 2.2 | J7: 17.3 | K7: 43.4 | L7: 26.2 | M7: 17.3 | N7: 15.5 | O7: 5.7 | P7: 4.7 | Q7: 6.3 | R7: 17.5 | S7: 10.2 | T7: 4.8 | U7: 18.2 | V7: 0.7 | W7: 5.5 | X7: 26.3 | Y7: 3.1 | Z7: 16.2 | AA7: 226 | AB7: 6.7 | AC7: 2.3 | AD7: 4.9 | AE7: 2 | AF7: 0.6 | AG7: 1300.4 | AH7: 2.2 | AI7: 1.8 | AJ7: 1.7 | AK7: 4.9 | AL7: 18 | AM7: 26.2 | AN7: 49.3 | AO7: 30.5 | AP7: 5.7 | AQ7: 131.9 | AR7: 11.6 | AS7: 14.1 | AT7: 0 | AU7: 9433.5 | AV7: 7.3 | AW7: 12.8 | AX7: 27 | AY7: 200 | AZ7: 71.5 | BA7: 202.6 | BB7: 3094.8 | BC7: -2892.3 | BD7: =SUM(AU7:BC7) -> 10157.2 | BE7: =SUM(B7:BC7) -> 14576.7
A8: TTL_C13T15 | B8: 6.4 | C8: 0.1 | D8: 0.2 | E8: 0.3 | F8: 0.1 | G8: 12.5 | H8: 468.7 | I8: 1.7 | J8: 8.6 | K8: 2.2 | L8: 4.6 | M8: 3.5 | N8: 50.1 | O8: 5.9 | P8: 3.4 | Q8: 4.4 | R8: 20.8 | S8: 13.3 | T8: 11.2 | U8: 117.3 | V8: 0.8 | W8: 72.3 | X8: 3.7 | Y8: 4 | Z8: 18.1 | AA8: 40.5 | AB8: 4.4 | AC8: 0.2 | AD8: 0.6 | AE8: 2.4 | AF8: 1.3 | AG8: 7.9 | AH8: 1.2 | AI8: 1.9 | AJ8: 1.4 | AK8: 2.4 | AL8: 5.4 | AM8: 5.8 | AN8: 9.7 | AO8: 9.9 | AP8: 2.3 | AQ8: 18.9 | AR8: 6.6 | AS8: 22.7 | AT8: 0 | AU8: 1170.9 | AV8: 0 | AW8: 7 | AX8: 25.8 | AY8: 34.8 | AZ8: 34.8 | BA8: 75.1 | BB8: 1105.2 | BC8: -1202.9 | BD8: =SUM(AU8:BC8) -> 1250.7 | BE8: =SUM(B8:BC8) -> 2230.4
A9: TTL_C16 | B9: 29.5 | C9: 0.1 | D9: 0.1 | E9: 0.2 | F9: 0 | G9: 27.3 | H9: 5.7 | I9: 312.5 | J9: 7 | K9: 2.2 | L9: 16 | M9: 1.6 | N9: 18.2 | O9: 33.4 | P9: 10.1 | Q9: 30 | R9: 23.1 | S9: 23.4 | T9: 15.8 | U9: 46.1 | V9: 2.7 | W9: 177.4 | X9: 22.1 | Y9: 2.8 | Z9: 366.8 | AA9: 84.1 | AB9: 11.4 | AC9: 0.5 | AD9: 0.6 | AE9: 2.2 | AF9: 0.3 | AG9: 6 | AH9: 0.8 | AI9: 2.8 | AJ9: 0.4 | AK9: 1.2 | AL9: 72.4 | AM9: 20.9 | AN9: 10.3 | AO9: 3.3 | AP9: 0.7 | AQ9: 3.4 | AR9: 1.6 | AS9: 6 | AT9: 0 | AU9: 60.3 | AV9: 0 | AW9: 3 | AX9: 44.5 | AY9: 22.4 | AZ9: 3.8 | BA9: 7.1 | BB9: 594.5 | BC9: -630.1 | BD9: =SUM(AU9:BC9) -> 105.5 | BE9: =SUM(B9:BC9) -> 1508.5
A10: TTL_C17_18 | B10: 29.8 | C10: 0.1 | D10: 0.1 | E10: 0.5 | F10: 0 | G10: 311.5 | H10: 13.5 | I10: 30 | J10: 940.4 | K10: 3.7 | L10: 48.8 | M10: 25.7 | N10: 62.1 | O10: 25.9 | P10: 6.3 | Q10: 15.8 | R10: 78.1 | S10: 82.1 | T10: 14.6 | U10: 38.1 | V10: 1.5 | W10: 31.9 | X10: 17.2 | Y10: 4 | Z10: 17.1 | AA10: 432.9 | AB10: 14.1 | AC10: 0.2 | AD10: 1.1 | AE10: 13.4 | AF10: 7.7 | AG10: 15 | AH10: 348.6 | AI10: 7.5 | AJ10: 13.4 | AK10: 109.3 | AL10: 69.4 | AM10: 70.6 | AN10: 48.6 | AO10: 91.3 | AP10: 27.5 | AQ10: 14.7 | AR10: 13.3 | AS10: 16.8 | AT10: 0 | AU10: 407.1 | AV10: 0 | AW10: 4.8 | AX10: 22.7 | AY10: 43.4 | AZ10: 9.2 | BA10: 18.1 | BB10: 739.5 | BC10: -1389.2 | BD10: =SUM(AU10:BC10) -> -144.4 | BE10: =SUM(B10:BC10) -> 2969.8
A11: TTL_C19 | B11: 447 | C11: 2.4 | D11: 8.1 | E11: 16.2 | F11: 6.1 | G11: 153.8 | H11: 13.7 | I11: 15.8 | J11: 20.9 | K11: 899 | L11: 858.9 | M11: 37.5 | N11: 83.4 | O11: 121.8 | P11: 201.3 | Q11: 33.2 | R11: 61.1 | S11: 51.3 | T11: 30.2 | U11: 77.6 | V11: 4.3 | W11: 24.8 | X11: 319.9 | Y11: 67.8 | Z11: 372.9 | AA11: 550.4 | AB11: 1165.4 | AC11: 46.1 | AD11: 253.5 | AE11: 174.8 | AF11: 12.1 | AG11: 35.3 | AH11: 8.6 | AI11: 13.3 | AJ11: 14.4 | AK11: 52 | AL11: 100 | AM11: 99.5 | AN11: 94.2 | AO11: 91.8 | AP11: 40.6 | AQ11: 74.4 | AR11: 32.2 | AS11: 31 | AT11: 0 | AU11: 2877.3 | AV11: 0.1 | AW11: 18.5 | AX11: 97.9 | AY11: 112.1 | AZ11: 28.5 | BA11: 76.4 | BB11: 1918.8 | BC11: -2330 | BD11: =SUM(AU11:BC11) -> 2799.6 | BE11: =SUM(B11:BC11) -> 9618.2
A12: TTL_C20 | B12: 742.5 | C12: 0.1 | D12: 1.2 | E12: 5.3 | F12: 3 | G12: 384.9 | H12: 58.6 | I12: 45.4 | J12: 62.6 | K12: 335.2 | L12: 909.8 | M12: 283.8 | N12: 988.7 | O12: 201.5 | P12: 43.3 | Q12: 58.6 | R12: 171 | S12: 302.4 | T12: 46.6 | U12: 183.7 | V12: 6.1 | W12: 60.9 | X12: 67.4 | Y12: 31.1 | Z12: 188 | AA12: 245.3 | AB12: 38.3 | AC12: 2.1 | AD12: 4.2 | AE12: 14.2 | AF12: 2.8 | AG12: 33.5 | AH12: 10.1 | AI12: 2.4 | AJ12: 4.6 | AK12: 14.3 | AL12: 66.4 | AM12: 73.4 | AN12: 58.6 | AO12: 22.8 | AP12: 27 | AQ12: 168 | AR12: 32.4 | AS12: 44.8 | AT12: 0 | AU12: 706.9 | AV12: 0 | AW12: 17.5 | AX12: 38.3 | AY12: 102.1 | AZ12: 9.1 | BA12: 14.8 | BB12: 3106.3 | BC12: -4580.4 | BD12: =SUM(AU12:BC12) -> -585.4 | BE12: =SUM(B12:BC12) -> 5461.5
A13: TTL_C21 | B13: 54.7 | C13: 0.1 | D13: 0.2 | E13: 0.3 | F13: 0.2 | G13: 38.1 | H13: 4.1 | I13: 2.2 | J13: 3.5 | K13: 13.4 | L13: 35.7 | M13: 228.1 | N13: 36.1 | O13: 8.3 | P13: 8.5 | Q13: 4.1 | R13: 24.5 | S13: 15.9 | T13: 4.4 | U13: 27.7 | V13: 0.5 | W13: 4.3 | X13: 5.5 | Y13: 2 | Z13: 14 | AA13: 29.2 | AB13: 5 | AC13: 0.4 | AD13: 1.4 | AE13: 1.8 | AF13: 0.3 | AG13: 4.8 | AH13: 1.8 | AI13: 1.5 | AJ13: 2 | AK13: 3.3 | AL13: 6.2 | AM13: 15.8 | AN13: 6.2 | AO13: 5.7 | AP13: 3 | AQ13: 395.6 | AR13: 4.8 | AS13: 4.7 | AT13: 0 | AU13: 816.4 | AV13: 1.4 | AW13: 1268.6 | AX13: 49.5 | AY13: 47.5 | AZ13: 5.9 | BA13: 13 | BB13: 1864.4 | BC13: -1574.1 | BD13: =SUM(AU13:BC13) -> 2492.6 | BE13: =SUM(B13:BC13) -> 3522.5
A14: TTL_C22 | B14: 65.2 | C14: 0.3 | D14: 0.5 | E14: 0.9 | F14: 0.6 | G14: 299.5 | H14: 70.7 | I14: 50 | J14: 64.4 | K14: 8.7 | L14: 98.5 | M14: 43.9 | N14: 610.7 | O14: 47.7 | P14: 12.7 | Q14: 61.7 | R14: 909.3 | S14: 320.2 | T14: 75.3 | U14: 773.5 | V14: 8.8 | W14: 142.4 | X14: 20.7 | Y14: 41.6 | Z14: 395.8 | AA14: 132.7 | AB14: 70.4 | AC14: 0.4 | AD14: 0.9 | AE14: 18.8 | AF14: 1.8 | AG14: 11.3 | AH14: 4.8 | AI14: 3.7 | AJ14: 1.3 | AK14: 22.6 | AL14: 49.6 | AM14: 41.9 | AN14: 25.1 | AO14: 29.2 | AP14: 2.6 | AQ14: 49.1 | AR14: 4.9 | AS14: 4.8 | AT14: 0 | AU14: 407 | AV14: 0 | AW14: 9.7 | AX14: 85.5 | AY14: 80.1 | AZ14: 1.3 | BA14: 9.1 | BB14: 2894.6 | BC14: -2845.5 | BD14: =SUM(AU14:BC14) -> 641.8 | BE14: =SUM(B14:BC14) -> 5241.3
A15: TTL_C23 | B15: 33.8 | C15: 0.2 | D15: 0.2 | E15: 8.1 | F15: 1.6 | G15: 107.6 | H15: 6.2 | I15: 12.2 | J15: 3.2 | K15: 6.1 | L15: 15.2 | M15: 15.1 | N15: 25.3 | O15: 524.7 | P15: 18.1 | Q15: 14.1 | R15: 64.2 | S15: 77.9 | T15: 25.2 | U15: 207.8 | V15: 2.8 | W15: 16.3 | X15: 32.8 | Y15: 12.6 | Z15: 1553.7 | AA15: 112.1 | AB15: 8.5 | AC15: 1.9 | AD15: 1 | AE15: 14 | AF15: 0.3 | AG15: 9.8 | AH15: 0.8 | AI15: 6.1 | AJ15: 1.2 | AK15: 3.3 | AL15: 308 | AM15: 34.1 | AN15: 13.2 | AO15: 8.1 | AP15: 2.6 | AQ15: 17.4 | AR15: 1.9 | AS15: 2.7 | AT15: 0 | AU15: 162.9 | AV15: 0 | AW15: 6.6 | AX15: 334.7 | AY15: 47.9 | AZ15: 1 | BA15: 2.2 | BB15: 1332 | BC15: -1045.1 | BD15: =SUM(AU15:BC15) -> 842.2 | BE15: =SUM(B15:BC15) -> 4174.2
A16: TTL_C24 | B16: 26.9 | C16: 0.1 | D16: 4.9 | E16: 7.2 | F16: 13 | G16: 39.9 | H16: 3.6 | I16: 50.4 | J16: 6.9 | K16: 30.4 | L16: 44.9 | M16: 15 | N16: 95 | O16: 101.5 | P16: 1543.6 | Q16: 1349.5 | R16: 129.1 | S16: 1008.4 | T16: 488.5 | U16: 629 | V16: 60.9 | W16: 119.9 | X16: 36.8 | Y16: 29.5 | Z16: 724.8 | AA16: 143.6 | AB16: 157.4 | AC16: 0.9 | AD16: 0.1 | AE16: 12.1 | AF16: 0 | AG16: 0.8 | AH16: 0.3 | AI16: 0.5 | AJ16: 1.1 | AK16: 0.3 | AL16: 84.3 | AM16: 109.9 | AN16: 136.3 | AO16: 0.1 | AP16: 0.3 | AQ16: 2.4 | AR16: 0.5 | AS16: 7.2 | AT16: 0 | AU16: 3.1 | AV16: 0 | AW16: 0.1 | AX16: 4 | AY16: 115.1 | AZ16: 0.1 | BA16: 0 | BB16: 2466.5 | BC16: -5041.1 | BD16: =SUM(AU16:BC16) -> -2452.2 | BE16: =SUM(B16:BC16) -> 4765.6
A17: TTL_C25 | B17: 31.2 | C17: 0.2 | D17: 0.5 | E17: 1.5 | F17: 1 | G17: 277.3 | H17: 24.1 | I17: 39.2 | J17: 17.6 | K17: 26.4 | L17: 33.5 | M17: 14.9 | N17: 162.6 | O17: 32.7 | P17: 86.3 | Q17: 929 | R17: 347.8 | S17: 302 | T17: 594.7 | U17: 1148.6 | V17: 24.5 | W17: 142.8 | X17: 86.8 | Y17: 22.3 | Z17: 835.1 | AA17: 186.9 | AB17: 33.4 | AC17: 0.7 | AD17: 2.4 | AE17: 31.3 | AF17: 1.3 | AG17: 11.4 | AH17: 3.6 | AI17: 21.6 | AJ17: 8 | AK17: 9.1 | AL17: 89 | AM17: 32.3 | AN17: 24.8 | AO17: 22.6 | AP17: 20.9 | AQ17: 24.7 | AR17: 13.5 | AS17: 8.7 | AT17: 0 | AU17: 376.5 | AV17: 0 | AW17: 9.8 | AX17: 670.5 | AY17: 83 | AZ17: 2.5 | BA17: 5.8 | BB17: 2247.5 | BC17: -3027.1 | BD17: =SUM(AU17:BC17) -> 368.5 | BE17: =SUM(B17:BC17) -> 6097.3
... A46: TTL_T | B46: 0 | C46: 0 | D46: 0 | E46: 0 | F46: 0 | G46: 0 | H46: 0 | I46: 0 | J46: 0 | K46: 0 | L46: 0 | M46: 0 | N46: 0 | O46: 0 | P46: 0 | Q46: 0 | R46: 0 | S46: 0 | T46: 0 | U46: 0 | V46: 0 | W46: 0 | X46: 0 | Y46: 0 | Z46: 0 | AA46: 0 | AB46: 0 | AC46: 0 | AD46: 0 | AE46: 0 | AF46: 0 | AG46: 0 | AH46: 0 | AI46: 0 | AJ46: 0 | AK46: 0 | AL46: 0 | AM46: 0 | AN46: 0 | AO46: 0 | AP46: 0 | AQ46: 0 | AR46: 0 | AS46: 0 | AT46: 0 | AU46: 18.1 | AV46: 0 | AW46: 0 | AX46: 0 | AY46: 0 | AZ46: 0 | BA46: 0 | BB46: 0 | BC46: 0 | BD46: =SUM(AU46:BC46) -> 18.1 | BE46: =SUM(B46:BC46) -> 18.1
A47: TXS_IMP_FNL | B47: 99.7 | C47: 0.4 | D47: 4.8 | E47: 9.4 | F47: 1.1 | G47: 98.2 | H47: 98.5 | I47: 8.7 | J47: 25.1 | K47: 1513 | L47: 180.1 | M47: 25.6 | N47: 57.8 | O47: 60.5 | P47: 142.1 | Q47: 25 | R47: 294.8 | S47: 59.1 | T47: 29.6 | U47: 240.3 | V47: 11.5 | W47: 37.1 | X47: 718.7 | Y47: 16.8 | Z47: 105.8 | AA47: 128.9 | AB47: 125.5 | AC47: 3.7 | AD47: 19.2 | AE47: 45.5 | AF47: 3.1 | AG47: 52.3 | AH47: 6 | AI47: 7.7 | AJ47: 4 | AK47: 9.8 | AL47: 33.5 | AM47: 40.5 | AN47: 24.7 | AO47: 41.8 | AP47: 36.5 | AQ47: 0 | AR47: 0 | AS47: 0 | AT47: 0 | AU47: 0 | AV47: 0 | AW47: 0 | AX47: 0 | AY47: 0 | AZ47: 179.2 | BA47: 0 | BB47: 0 | BC47: -4625.7
A48: TXS_INT_FNL | B48: 220.8 | C48: 1.7 | D48: 2.3 | E48: 6.1 | F48: 2.1 | G48: 189.5 | H48: 21.1 | I48: 21.3 | J48: 45.3 | K48: 48.6 | L48: 250.4 | M48: 42.9 | N48: 61.4 | O48: 71.4 | P48: 50.3 | Q48: 47.5 | R48: 159.8 | S48: 75 | T48: 40.6 | U48: 190.7 | V48: 12.6 | W48: 42.5 | X48: 125 | Y48: 64.8 | Z48: 254.1 | AA48: 582.1 | AB48: 358.8 | AC48: 12 | AD48: 72.4 | AE48: 100.1 | AF48: 11.9 | AG48: 105 | AH48: 46.3 | AI48: 68 | AJ48: 44.1 | AK48: 135.2 | AL48: 165.6 | AM48: 177.8 | AN48: 98.7 | AO48: 152.3 | AP48: 62.5 | AQ48: 103.4 | AR48: 62.6 | AS48: 47.7 | AT48: 0 | AU48: 11051.5 | AV48: 21 | AW48: 365.3 | AX48: 2109.7 | AY48: 271.9 | AZ48: 0 | BA48: 420.1 | BB48: 3876.4 | BC48: 0
A49: TTL_INT_FNL | B49: 8238 | C49: 38.6 | D49: 181.5 | E49: 221.7 | F49: 102.5 | G49: 11710.7 | H49: 1480.8 | I49: 1065.8 | J49: 2089 | K49: 7415.1 | L49: 4378 | M49: 1800.4 | N49: 3915.2 | O49: 2770.8 | P49: 3710.6 | Q49: 3972.8 | R49: 20292.9 | S49: 5597.4 | T49: 3605.6 | U49: 19059.8 | V49: 540.3 | W49: 2221.7 | X49: 6270.6 | Y49: 1538.7 | Z49: 10725.6 | AA49: 17681.6 | AB49: 5946.3 | AC49: 225.4 | AD49: 1182 | AE49: 2309.4 | AF49: 345.1 | AG49: 3839.8 | AH49: 1799.4 | AI49: 1987.2 | AJ49: 1484.5 | AK49: 5400.1 | AL49: 5768.8 | AM49: 5332.6 | AN49: 3270.9 | AO49: 4235.2 | AP49: 1808.7 | AQ49: 3412.4 | AR49: 1625.9 | AS49: 1578.8 | AT49: 0 | AU49: 79406.3 | AV49: 2271.2 | AW49: 33834.3 | AX49: 36737.9 | AY49: 3928.2 | AZ49: 2339.6 | BA49: 5146.4 | BB49: 105935.3 | BC49: -110695.5
A50: VALU | B50: 5480.9 | C50: 22.2 | D50: 72.9 | E50: 174.5 | F50: 83.1 | G50: 2865.9 | H50: 749.4 | I50: 442.7 | J50: 880.9 | K50: 2203 | L50: 1083.3 | M50: 1722.1 | N50: 1326 | O50: 1403.8 | P50: 1055.1 | Q50: 2124.4 | R50: 2424.1 | S50: 2617 | T50: 1687.2 | U50: 4942.2 | V50: 285.5 | W50: 1295.8 | X50: 3309.2 | Y50: 1502.8 | Z50: 6671.9 | AA50: 15031.6 | AB50: 4061.4 | AC50: 32 | AD50: 107.5 | AE50: 2621.1 | AF50: 866.8 | AG50: 2610.9 | AH50: 1726.2 | AI50: 3339.2 | AJ50: 2229.7 | AK50: 6000.2 | AL50: 11256.6 | AM50: 7347.5 | AN50: 4395.8 | AO50: 11829 | AP50: 6643.1 | AQ50: 5562.9 | AR50: 1657.2 | AS50: 2454.6 | AT50: 18.1 | AU50: 0 | AV50: 0 | AW50: 0 | AX50: 0 | AY50: 0 | AZ50: 0 | BA50: 0 | BB50: 0 | BC50: 0
A51: OUTPUT | B51: 13718.9 | C51: 60.8 | D51: 254.3 | E51: 396.2 | F51: 185.5 | G51: 14576.6 | H51: 2230.2 | I51: 1508.5 | J51: 2969.9 | K51: 9618.1 | L51: 5461.4 | M51: 3522.5 | N51: 5241.3 | O51: 4174.6 | P51: 4765.6 | Q51: 6097.2 | R51: 22717 | S51: 8214.4 | T51: 5292.8 | U51: 24001.9 | V51: 825.8 | W51: 3517.5 | X51: 9579.9 | Y51: 3041.5 | Z51: 17397.5 | AA51: 32713.2 | AB51: 10007.7 | AC51: 257.5 | AD51: 1289.4 | AE51: 4930.4 | AF51: 1211.8 | AG51: 6450.7 | AH51: 3525.6 | AI51: 5326.4 | AJ51: 3714.2 | AK51: 11400.4 | AL51: 17025.4 | AM51: 12680.1 | AN51: 7666.6 | AO51: 16064.2 | AP51: 8451.8 | AQ51: 9051 | AR51: 3308.5 | AS51: 4048.8 | AT51: 18.1 | AU51: 0 | AV51: 0 | AW51: 0 | AX51: 0 | AY51: 0 | AZ51: 0 | BA51: 0 | BB51: 0 | BC51: 0
BD53: Total Output | BE53: =SUM(BE2:BE46) -> 328510.3
B54: 3X3 MATRIX | K54: % DISTRIBUTION
B58: INDUSTRIES | C58: Primary | D58: Secondary | E58: Tertiary | F58: OUTPUT | K58: Industries | L58: HFCE | M58: NPISH | N58: GGFC | O58: GFCF | P58: INVNT | Q58: DPABR | R58: CONS_NONRES | S58: EXPO | T58: IMPO | U58: OUTPUT/GDP
B59: Primary | C59: =SUM(B2:F6) -> 3020.7 | D59: =SUM(G2:Z6) -> 8931 | E59: =SUM(AA2:AT6) -> 1370.3 | F59: =SUM(C59:E59) -> 13322 | K59: TOTAL | L59: =SUM(AU2:AU46) -> 68354.8 | M59: =SUM(AV2:AV46) -> 2250.1 | N59: =SUM(AW2:AW46) -> 33468.8 | O59: =SUM(AX2:AX46) -> 34628.1 | P59: =SUM(AY2:AY46) -> 3656.3 | Q59: =SUM(AZ2:AZ46) -> 2160.5 | R59: =SUM(BA2:BA46) -> 4726.7 | S59: =SUM(BB2:BB46) -> 102058.8 | T59: =SUM(BC2:BC46) -> -106069.4 | U59: =SUM(BE2:BE46) -> 328510.3
B60: Secondary | C60: =SUM(B7:F26) -> 3162.5 | D60: =SUM(G7:Z26) -> 68087.9 | E60: =SUM(AA7:AT26) -> 19205.5 | F60: =SUM(C60:E60) -> 90455.9 | K60: % OF OUTPUT | L60: =(L59/$U$59) -> 0.20807506 | M60: =(M59/$U$59) -> 0.0068494047 | N60: =(N59/$U$59) -> 0.10188052 | O60: =(O59/$U$59) -> 0.10540948 | P60: =(P59/$U$59) -> 0.01112994 | Q60: =(Q59/$U$59) -> 0.0065766583 | R60: =(R59/$U$59) -> 0.014388286 | S60: =(S59/$U$59) -> 0.31067154 | ... U60: =(U59/$U$59) -> 1
B61: Tertiary | C61: =SUM(B27:F46) -> 2250.5 | D61: =SUM(G27:Z46) -> 31579.7 | E61: =SUM(AA27:AT46) -> 45667.5 | F61: =SUM(C61:E61) -> 79497.7
B62: INPUT | C62: =SUM(C59:C61) -> 8433.7 | D62: =SUM(D59:D61) -> 108598.6 | E62: =SUM(E59:E61) -> 66243.3 | F62: =SUM(C62:E62) -> 183275.6
K63: CONSUMPTION | L63: =SUM(L59:N59) -> 104073.7 | M63: =L63/$L$67 -> 0.31680498
K64: INVESTMENT | L64: =SUM(O59:Q59) -> 40444.9 | M64: =L64/$L$67 -> 0.12311608
K65: EXTERNAL DEMAND ADJUSTMENT | L65: =SUM(R59:T59) -> 716.1 | M65: =L65/$L$67 -> 0.0021798403
K66: INTERMEDIATE DEMAND | L66: =SUM(B2:AT46) -> 183275.6 | M66: =L66/$L$67 -> 0.5578991
K67: OUTPUT | L67: 328510.3 | M67: =L67/$L$67 -> 1

Sheet LEONTIEF MATRIX 2008
B2: TECHNOLOGY MATRIX(A)
B5: A01_02 | C5: A03 | D5: B05_06 | E5: B07_08 | F5: B09 | G5: C10T12 | H5: C13T15 | I5: C16 | J5: C17_18 | K5: C19 | L5: C20 | M5: C21 | N5: C22 | O5: C23 | P5: C24 | Q5: C25 | R5: C26 | S5: C27 | T5: C28 | U5: C29 | V5: C30 | W5: C31T33 | X5: D | Y5: E | Z5: F | AA5: G | AB5: H49 | AC5: H50 | AD5: H51 | AE5: H52 | AF5: H53 | AG5: I | AH5: J58T60 | AI5: J61 | AJ5: J62_63 | AK5: K | AL5: L | AM5: M | AN5: N | AO5: O | AP5: P | AQ5: Q | AR5: R | AS5: S | AT5: T
A6: TTL_A01_02 | B6: =HUNGARY2008ttl!B2/HUNGARY2008ttl!$BE$2 -> 0.20534016 | C6: =HUNGARY2008ttl!C2/HUNGARY2008ttl!$BE$3 -> 0.084019769 | D6: =HUNGARY2008ttl!D2/HUNGARY2008ttl!$BE$4 -> 0.0023566379 | E6: =HUNGARY2008ttl!E2/HUNGARY2008ttl!$BE$5 -> 0.0015155342 | F6: =HUNGARY2008ttl!F2/HUNGARY2008ttl!$BE$6 -> 0.0010787487 | G6: =HUNGARY2008ttl!G2/HUNGARY2008ttl!$BE$7 -> 0.28006339 | H6: =HUNGARY2008ttl!H2/HUNGARY2008ttl!$BE$8 -> 0.0068597561 | I6: =HUNGARY2008ttl!I2/HUNGARY2008ttl!$BE$9 -> 0.068677494 | J6: =HUNGARY2008ttl!J2/HUNGARY2008ttl!$BE$10 -> 0.0036029362 | K6: =HUNGARY2008ttl!K2/HUNGARY2008ttl!$BE$11 -> 0.0018610551 | L6: =HUNGARY2008ttl!L2/HUNGARY2008ttl!$BE$12 -> 0.0034056578 | M6: =HUNGARY2008ttl!M2/HUNGARY2008ttl!$BE$13 -> 0.0055926189 | N6: =HUNGARY2008ttl!N2/HUNGARY2008ttl!$BE$14 -> 0.008890924 | O6: =HUNGARY2008ttl!O2/HUNGARY2008ttl!$BE$15 -> 0.0025394087 | P6: =HUNGARY2008ttl!P2/HUNGARY2008ttl!$BE$16 -> 0.001699681 | Q6: =HUNGARY2008ttl!Q2/HUNGARY2008ttl!$BE$17 -> 0.0016236695 | R6: =HUNGARY2008ttl!R2/HUNGARY2008ttl!$BE$18 -> 0.00083197239 | S6: =HUNGARY2008ttl!S2/HUNGARY2008ttl!$BE$19 -> 0.001740803 | T6: =HUNGARY2008ttl!T2/HUNGARY2008ttl!$BE$20 -> 0.0017192518 | U6: =HUNGARY2008ttl!U2/HUNGARY2008ttl!$BE$21 -> 0.0012707221 | V6: =HUNGARY2008ttl!V2/HUNGARY2008ttl!$BE$22 -> 0.0013320417 | W6: =HUNGARY2008ttl!W2/HUNGARY2008ttl!$BE$23 -> 0.0052876962 | X6: =HUNGARY2008ttl!X2/HUNGARY2008ttl!$BE$24 -> 0.011722705 | Y6: =HUNGARY2008ttl!Y2/HUNGARY2008ttl!$BE$25 -> 0.0029592608 | Z6: =HUNGARY2008ttl!Z2/HUNGARY2008ttl!$BE$26 -> 0.0024256916 | AA6: =HUNGARY2008ttl!AA2/HUNGARY2008ttl!$BE$27 -> 0.012628007 | AB6: =HUNGARY2008ttl!AB2/HUNGARY2008ttl!$BE$28 -> 0.0017586107 | AC6: =HUNGARY2008ttl!AC2/HUNGARY2008ttl!$BE$29 -> 0.0027184466 | AD6: =HUNGARY2008ttl!AD2/HUNGARY2008ttl!$BE$30 -> 0.0028691067 | AE6: =HUNGARY2008ttl!AE2/HUNGARY2008ttl!$BE$31 -> 0.0031843258 | AF6: =HUNGARY2008ttl!AF2/HUNGARY2008ttl!$BE$32 -> 0.00041264339 | AG6: =HUNGARY2008ttl!AG2/HUNGARY2008ttl!$BE$33 -> 0.01840196 | AH6: =HUNGARY2008ttl!AH2/HUNGARY2008ttl!$BE$34 -> 0.0024111423 | AI6: =HUNGARY2008ttl!AI2/HUNGARY2008ttl!$BE$35 -> 0.0012766597 | AJ6: =HUNGARY2008ttl!AJ2/HUNGARY2008ttl!$BE$36 -> 0.00067314683 | AK6: =HUNGARY2008ttl!AK2/HUNGARY2008ttl!$BE$37 -> 0.00053506894 | AL6: =HUNGARY2008ttl!AL2/HUNGARY2008ttl!$BE$38 -> 0.0010690036 | AM6: =HUNGARY2008ttl!AM2/HUNGARY2008ttl!$BE$39 -> 0.0022633712 | AN6: =HUNGARY2008ttl!AN2/HUNGARY2008ttl!$BE$40 -> 0.002778285 | AO6: =HUNGARY2008ttl!AO2/HUNGARY2008ttl!$BE$41 -> 0.00084659247 | AP6: =HUNGARY2008ttl!AP2/HUNGARY2008ttl!$BE$42 -> 0.00060340748 | AQ6: =HUNGARY2008ttl!AQ2/HUNGARY2008ttl!$BE$43 -> 0.0030273901 | AR6: =HUNGARY2008ttl!AR2/HUNGARY2008ttl!$BE$44 -> 0.0017229914 | AS6: =HUNGARY2008ttl!AS2/HUNGARY2008ttl!$BE$45 -> 0.0037048014 | AT6: =HUNGARY2008ttl!AT2/HUNGARY2008ttl!$BE$46 -> 0
A7: TTL_A03 | B7: =HUNGARY2008ttl!B3/HUNGARY2008ttl!$BE$2 -> 0.00013120777 | C7: =HUNGARY2008ttl!C3/HUNGARY2008ttl!$BE$3 -> 0.11861614 | D7: =HUNGARY2008ttl!D3/HUNGARY2008ttl!$BE$4 -> 0 | E7: =HUNGARY2008ttl!E3/HUNGARY2008ttl!$BE$5 -> 0 | F7: =HUNGARY2008ttl!F3/HUNGARY2008ttl!$BE$6 -> 0 | G7: =HUNGARY2008ttl!G3/HUNGARY2008ttl!$BE$7 -> 0.00018522711 | H7: =HUNGARY2008ttl!H3/HUNGARY2008ttl!$BE$8 -> 0 | I7: =HUNGARY2008ttl!I3/HUNGARY2008ttl!$BE$9 -> 0 | J7: =HUNGARY2008ttl!J3/HUNGARY2008ttl!$BE$10 -> 0 | K7: =HUNGARY2008ttl!K3/HUNGARY2008ttl!$BE$11 -> 1.0396956e-05 | L7: =HUNGARY2008ttl!L3/HUNGARY2008ttl!$BE$12 -> 0 | M7: =HUNGARY2008ttl!M3/HUNGARY2008ttl!$BE$13 -> 0 | N7: =HUNGARY2008ttl!N3/HUNGARY2008ttl!$BE$14 -> 0 | O7: =HUNGARY2008ttl!O3/HUNGARY2008ttl!$BE$15 -> 0 | P7: =HUNGARY2008ttl!P3/HUNGARY2008ttl!$BE$16 -> 0 | Q7: =HUNGARY2008ttl!Q3/HUNGARY2008ttl!$BE$17 -> 0 | R7: =HUNGARY2008ttl!R3/HUNGARY2008ttl!$BE$18 -> 4.4019703e-06 | S7: =HUNGARY2008ttl!S3/HUNGARY2008ttl!$BE$19 -> 0 | T7: =HUNGARY2008ttl!T3/HUNGARY2008ttl!$BE$20 -> 0 | U7: =HUNGARY2008ttl!U3/HUNGARY2008ttl!$BE$21 -> 8.3326042e-06 | V7: =HUNGARY2008ttl!V3/HUNGARY2008ttl!$BE$22 -> 0 | W7: =HUNGARY2008ttl!W3/HUNGARY2008ttl!$BE$23 -> 0 | X7: =HUNGARY2008ttl!X3/HUNGARY2008ttl!$BE$24 -> 1.043874e-05 | Y7: =HUNGARY2008ttl!Y3/HUNGARY2008ttl!$BE$25 -> 0 | Z7: =HUNGARY2008ttl!Z3/HUNGARY2008ttl!$BE$26 -> 1.1496169e-05 | AA7: =HUNGARY2008ttl!AA3/HUNGARY2008ttl!$BE$27 -> 1.2227555e-05 | AB7: =HUNGARY2008ttl!AB3/HUNGARY2008ttl!$BE$28 -> 0 | AC7: =HUNGARY2008ttl!AC3/HUNGARY2008ttl!$BE$29 -> 0 | AD7: =HUNGARY2008ttl!AD3/HUNGARY2008ttl!$BE$30 -> 0 | AE7: =HUNGARY2008ttl!AE3/HUNGARY2008ttl!$BE$31 -> 2.028233e-05 | AF7: =HUNGARY2008ttl!AF3/HUNGARY2008ttl!$BE$32 -> 0 | AG7: =HUNGARY2008ttl!AG3/HUNGARY2008ttl!$BE$33 -> 0.0019688701 | AH7: =HUNGARY2008ttl!AH3/HUNGARY2008ttl!$BE$34 -> 0 | AI7: =HUNGARY2008ttl!AI3/HUNGARY2008ttl!$BE$35 -> 0 | AJ7: =HUNGARY2008ttl!AJ3/HUNGARY2008ttl!$BE$36 -> 0 | AK7: =HUNGARY2008ttl!AK3/HUNGARY2008ttl!$BE$37 -> 0 | AL7: =HUNGARY2008ttl!AL3/HUNGARY2008ttl!$BE$38 -> 5.8736461e-06 | AM7: =HUNGARY2008ttl!AM3/HUNGARY2008ttl!$BE$39 -> 7.8863109e-06 | AN7: =HUNGARY2008ttl!AN3/HUNGARY2008ttl!$BE$40 -> 1.3043592e-05 | AO7: =HUNGARY2008ttl!AO3/HUNGARY2008ttl!$BE$41 -> 0 | AP7: =HUNGARY2008ttl!AP3/HUNGARY2008ttl!$BE$42 -> 0 | AQ7: =HUNGARY2008ttl!AQ3/HUNGARY2008ttl!$BE$43 -> 1.1048869e-05 | AR7: =HUNGARY2008ttl!AR3/HUNGARY2008ttl!$BE$44 -> 0.00012091167 | AS7: =HUNGARY2008ttl!AS3/HUNGARY2008ttl!$BE$45 -> 2.4698676e-05 | AT7: =HUNGARY2008ttl!AT3/HUNGARY2008ttl!$BE$46 -> 0
A8: TTL_B05_06 | B8: =HUNGARY2008ttl!B4/HUNGARY2008ttl!$BE$2 -> 0.0028501243 | C8: =HUNGARY2008ttl!C4/HUNGARY2008ttl!$BE$3 -> 0.0016474465 | D8: =HUNGARY2008ttl!D4/HUNGARY2008ttl!$BE$4 -> 0.060094266 | E8: =HUNGARY2008ttl!E4/HUNGARY2008ttl!$BE$5 -> 0.029300328 | F8: =HUNGARY2008ttl!F4/HUNGARY2008ttl!$BE$6 -> 0.003236246 | G8: =HUNGARY2008ttl!G4/HUNGARY2008ttl!$BE$7 -> 0.0035330356 | H8: =HUNGARY2008ttl!H4/HUNGARY2008ttl!$BE$8 -> 0.00098637016 | I8: =HUNGARY2008ttl!I4/HUNGARY2008ttl!$BE$9 -> 0.0013921114 | J8: =HUNGARY2008ttl!J4/HUNGARY2008ttl!$BE$10 -> 0.0031651963 | K8: =HUNGARY2008ttl!K4/HUNGARY2008ttl!$BE$11 -> 0.23049011 | L8: =HUNGARY2008ttl!L4/HUNGARY2008ttl!$BE$12 -> 0.024242424 | M8: =HUNGARY2008ttl!M4/HUNGARY2008ttl!$BE$13 -> 0.0030943932 | N8: =HUNGARY2008ttl!N4/HUNGARY2008ttl!$BE$14 -> 0.00053421861 | O8: =HUNGARY2008ttl!O4/HUNGARY2008ttl!$BE$15 -> 0.014469839 | P8: =HUNGARY2008ttl!P4/HUNGARY2008ttl!$BE$16 -> 0.035441497 | Q8: =HUNGARY2008ttl!Q4/HUNGARY2008ttl!$BE$17 -> 0.00078723369 | R8: =HUNGARY2008ttl!R4/HUNGARY2008ttl!$BE$18 -> 0.00022890246 | S8: =HUNGARY2008ttl!S4/HUNGARY2008ttl!$BE$19 -> 0.00042607065 | T8: =HUNGARY2008ttl!T4/HUNGARY2008ttl!$BE$20 -> 0.00068014359 | U8: =HUNGARY2008ttl!U4/HUNGARY2008ttl!$BE$21 -> 0.00053745297 | V8: =HUNGARY2008ttl!V4/HUNGARY2008ttl!$BE$22 -> 0.0032695568 | W8: =HUNGARY2008ttl!W4/HUNGARY2008ttl!$BE$23 -> 0.00039799864 | X8: =HUNGARY2008ttl!X4/HUNGARY2008ttl!$BE$24 -> 0.10877167 | Y8: =HUNGARY2008ttl!Y4/HUNGARY2008ttl!$BE$25 -> 0.0037483971 | Z8: =HUNGARY2008ttl!Z4/HUNGARY2008ttl!$BE$26 -> 0.0025464014 | AA8: =HUNGARY2008ttl!AA4/HUNGARY2008ttl!$BE$27 -> 0.0022009599 | AB8: =HUNGARY2008ttl!AB4/HUNGARY2008ttl!$BE$28 -> 0.0051958952 | AC8: =HUNGARY2008ttl!AC4/HUNGARY2008ttl!$BE$29 -> 0.0015533981 | AD8: =HUNGARY2008ttl!AD4/HUNGARY2008ttl!$BE$30 -> 0.0013957816 | AE8: =HUNGARY2008ttl!AE4/HUNGARY2008ttl!$BE$31 -> 0.0089039429 | AF8: =HUNGARY2008ttl!AF4/HUNGARY2008ttl!$BE$32 -> 0.0019806883 | AG8: =HUNGARY2008ttl!AG4/HUNGARY2008ttl!$BE$33 -> 0.0051779735 | AH8: =HUNGARY2008ttl!AH4/HUNGARY2008ttl!$BE$34 -> 0.0007091595 | AI8: =HUNGARY2008ttl!AI4/HUNGARY2008ttl!$BE$35 -> 0.00091994593 | AJ8: =HUNGARY2008ttl!AJ4/HUNGARY2008ttl!$BE$36 -> 0.0004038881 | AK8: =HUNGARY2008ttl!AK4/HUNGARY2008ttl!$BE$37 -> 0.00057892706 | AL8: =HUNGARY2008ttl!AL4/HUNGARY2008ttl!$BE$38 -> 0.0014096751 | AM8: =HUNGARY2008ttl!AM4/HUNGARY2008ttl!$BE$39 -> 0.0029100487 | AN8: =HUNGARY2008ttl!AN4/HUNGARY2008ttl!$BE$40 -> 0.0019956695 | AO8: =HUNGARY2008ttl!AO4/HUNGARY2008ttl!$BE$41 -> 0.0031622719 | AP8: =HUNGARY2008ttl!AP4/HUNGARY2008ttl!$BE$42 -> 0.0059985802 | AQ8: =HUNGARY2008ttl!AQ4/HUNGARY2008ttl!$BE$43 -> 0.0069607876 | AR8: =HUNGARY2008ttl!AR4/HUNGARY2008ttl!$BE$44 -> 0.0088567801 | AS8: =HUNGARY2008ttl!AS4/HUNGARY2008ttl!$BE$45 -> 0.0022475795 | AT8: =HUNGARY2008ttl!AT4/HUNGARY2008ttl!$BE$46 -> 0
A9: TTL_B07_08 | B9: =HUNGARY2008ttl!B5/HUNGARY2008ttl!$BE$2 -> 0.0015307573 | C9: =HUNGARY2008ttl!C5/HUNGARY2008ttl!$BE$3 -> 0 | D9: =HUNGARY2008ttl!D5/HUNGARY2008ttl!$BE$4 -> 0.10644148 | E9: =HUNGARY2008ttl!E5/HUNGARY2008ttl!$BE$5 -> 0.043697904 | F9: =HUNGARY2008ttl!F5/HUNGARY2008ttl!$BE$6 -> 0.042610572 | G9: =HUNGARY2008ttl!G5/HUNGARY2008ttl!$BE$7 -> 0.0035193151 | H9: =HUNGARY2008ttl!H5/HUNGARY2008ttl!$BE$8 -> 0.00053802009 | I9: =HUNGARY2008ttl!I5/HUNGARY2008ttl!$BE$9 -> 0.0010606563 | J9: =HUNGARY2008ttl!J5/HUNGARY2008ttl!$BE$10 -> 0.0016836151 | K9: =HUNGARY2008ttl!K5/HUNGARY2008ttl!$BE$11 -> 0.00010396956 | L9: =HUNGARY2008ttl!L5/HUNGARY2008ttl!$BE$12 -> 0.0026366383 | M9: =HUNGARY2008ttl!M5/HUNGARY2008ttl!$BE$13 -> 0.00048261178 | N9: =HUNGARY2008ttl!N5/HUNGARY2008ttl!$BE$14 -> 0.0016026558 | O9: =HUNGARY2008ttl!O5/HUNGARY2008ttl!$BE$15 -> 0.03274879 | P9: =HUNGARY2008ttl!P5/HUNGARY2008ttl!$BE$16 -> 0.0065469196 | Q9: =HUNGARY2008ttl!Q5/HUNGARY2008ttl!$BE$17 -> 0.003411346 | R9: =HUNGARY2008ttl!R5/HUNGARY2008ttl!$BE$18 -> 0.00027292216 | S9: =HUNGARY2008ttl!S5/HUNGARY2008ttl!$BE$19 -> 0.0012660385 | T9: =HUNGARY2008ttl!T5/HUNGARY2008ttl!$BE$20 -> 0.0014925373 | U9: =HUNGARY2008ttl!U5/HUNGARY2008ttl!$BE$21 -> 0.00068743985 | V9: =HUNGARY2008ttl!V5/HUNGARY2008ttl!$BE$22 -> 0.00060547348 | W9: =HUNGARY2008ttl!W5/HUNGARY2008ttl!$BE$23 -> 0.0010234251 | X9: =HUNGARY2008ttl!X5/HUNGARY2008ttl!$BE$24 -> 0.00021921355 | Y9: =HUNGARY2008ttl!Y5/HUNGARY2008ttl!$BE$25 -> 0.0018413179 | Z9: =HUNGARY2008ttl!Z5/HUNGARY2008ttl!$BE$26 -> 0.0081622799 | AA9: =HUNGARY2008ttl!AA5/HUNGARY2008ttl!$BE$27 -> 0.0010271146 | AB9: =HUNGARY2008ttl!AB5/HUNGARY2008ttl!$BE$28 -> 0.00012989738 | AC9: =HUNGARY2008ttl!AC5/HUNGARY2008ttl!$BE$29 -> 0.00077669903 | AD9: =HUNGARY2008ttl!AD5/HUNGARY2008ttl!$BE$30 -> 0 | AE9: =HUNGARY2008ttl!AE5/HUNGARY2008ttl!$BE$31 -> 0.00038536427 | AF9: =HUNGARY2008ttl!AF5/HUNGARY2008ttl!$BE$32 -> 0 | AG9: =HUNGARY2008ttl!AG5/HUNGARY2008ttl!$BE$33 -> 6.2011658e-05 | AH9: =HUNGARY2008ttl!AH5/HUNGARY2008ttl!$BE$34 -> 0.00011346552 | AI9: =HUNGARY2008ttl!AI5/HUNGARY2008ttl!$BE$35 -> 3.7548813e-05 | AJ9: =HUNGARY2008ttl!AJ5/HUNGARY2008ttl!$BE$36 -> 0.00035003635 | AK9: =HUNGARY2008ttl!AK5/HUNGARY2008ttl!$BE$37 -> 1.7543244e-05 | AL9: =HUNGARY2008ttl!AL5/HUNGARY2008ttl!$BE$38 -> 0.0030484223 | AM9: =HUNGARY2008ttl!AM5/HUNGARY2008ttl!$BE$39 -> 0.00074919954 | AN9: =HUNGARY2008ttl!AN5/HUNGARY2008ttl!$BE$40 -> 0.00033913338 | AO9: =HUNGARY2008ttl!AO5/HUNGARY2008ttl!$BE$41 -> 0.00012449889 | AP9: =HUNGARY2008ttl!AP5/HUNGARY2008ttl!$BE$42 -> 0.00023663038 | AQ9: =HUNGARY2008ttl!AQ5/HUNGARY2008ttl!$BE$43 -> 0.0005745412 | AR9: =HUNGARY2008ttl!AR5/HUNGARY2008ttl!$BE$44 -> 0.00063478629 | AS9: =HUNGARY2008ttl!AS5/HUNGARY2008ttl!$BE$45 -> 0.0014078245 | AT9: =HUNGARY2008ttl!AT5/HUNGARY2008ttl!$BE$46 -> 0
A10: TTL_B09 | B10: =HUNGARY2008ttl!B6/HUNGARY2008ttl!$BE$2 -> 2.9157282e-05 | C10: =HUNGARY2008ttl!C6/HUNGARY2008ttl!$BE$3 -> 0 | D10: =HUNGARY2008ttl!D6/HUNGARY2008ttl!$BE$4 -> 0.14925373 | E10: =HUNGARY2008ttl!E6/HUNGARY2008ttl!$BE$5 -> 0.0015155342 | F10: =HUNGARY2008ttl!F6/HUNGARY2008ttl!$BE$6 -> 0.049622438 | G10: =HUNGARY2008ttl!G6/HUNGARY2008ttl!$BE$7 -> 3.4301316e-05 | H10: =HUNGARY2008ttl!H6/HUNGARY2008ttl!$BE$8 -> 0 | I10: =HUNGARY2008ttl!I6/HUNGARY2008ttl!$BE$9 -> 0.00013258204 | J10: =HUNGARY2008ttl!J6/HUNGARY2008ttl!$BE$10 -> 3.3672301e-05 | K10: =HUNGARY2008ttl!K6/HUNGARY2008ttl!$BE$11 -> 0.0048761723 | L10: =HUNGARY2008ttl!L6/HUNGARY2008ttl!$BE$12 -> 0.00018309988 | M10: =HUNGARY2008ttl!M6/HUNGARY2008ttl!$BE$13 -> 2.8388928e-05 | N10: =HUNGARY2008ttl!N6/HUNGARY2008ttl!$BE$14 -> 0.00013355465 | O10: =HUNGARY2008ttl!O6/HUNGARY2008ttl!$BE$15 -> 0.00011978343 | P10: =HUNGARY2008ttl!P6/HUNGARY2008ttl!$BE$16 -> 0.00060852778 | Q10: =HUNGARY2008ttl!Q6/HUNGARY2008ttl!$BE$17 -> 1.6400702e-05 | R10: =HUNGARY2008ttl!R6/HUNGARY2008ttl!$BE$18 -> 2.2009852e-05 | S10: =HUNGARY2008ttl!S6/HUNGARY2008ttl!$BE$19 -> 2.4346895e-05 | T10: =HUNGARY2008ttl!T6/HUNGARY2008ttl!$BE$20 -> 7.557151e-05 | U10: =HUNGARY2008ttl!U6/HUNGARY2008ttl!$BE$21 -> 7.4993438e-05 | V10: =HUNGARY2008ttl!V6/HUNGARY2008ttl!$BE$22 -> 0.0001210947 | W10: =HUNGARY2008ttl!W6/HUNGARY2008ttl!$BE$23 -> 0.00014214237 | X10: =HUNGARY2008ttl!X6/HUNGARY2008ttl!$BE$24 -> 0.00083509922 | Y10: =HUNGARY2008ttl!Y6/HUNGARY2008ttl!$BE$25 -> 6.5761352e-05 | Z10: =HUNGARY2008ttl!Z6/HUNGARY2008ttl!$BE$26 -> 0.00035063315 | AA10: =HUNGARY2008ttl!AA6/HUNGARY2008ttl!$BE$27 -> 3.6682664e-05 | AB10: =HUNGARY2008ttl!AB6/HUNGARY2008ttl!$BE$28 -> 4.9960531e-05 | AC10: =HUNGARY2008ttl!AC6/HUNGARY2008ttl!$BE$29 -> 0 | AD10: =HUNGARY2008ttl!AD6/HUNGARY2008ttl!$BE$30 -> 0 | AE10: =HUNGARY2008ttl!AE6/HUNGARY2008ttl!$BE$31 -> 8.112932e-05 | AF10: =HUNGARY2008ttl!AF6/HUNGARY2008ttl!$BE$32 -> 0 | AG10: =HUNGARY2008ttl!AG6/HUNGARY2008ttl!$BE$33 -> 4.6508744e-05 | AH10: =HUNGARY2008ttl!AH6/HUNGARY2008ttl!$BE$34 -> 2.836638e-05 | AI10: =HUNGARY2008ttl!AI6/HUNGARY2008ttl!$BE$35 -> 1.8774407e-05 | AJ10: =HUNGARY2008ttl!AJ6/HUNGARY2008ttl!$BE$36 -> 2.6925873e-05 | AK10: =HUNGARY2008ttl!AK6/HUNGARY2008ttl!$BE$37 -> 1.7543244e-05 | AL10: =HUNGARY2008ttl!AL6/HUNGARY2008ttl!$BE$38 -> 2.9368231e-05 | AM10: =HUNGARY2008ttl!AM6/HUNGARY2008ttl!$BE$39 -> 6.3090488e-05 | AN10: =HUNGARY2008ttl!AN6/HUNGARY2008ttl!$BE$40 -> 3.9130775e-05 | AO10: =HUNGARY2008ttl!AO6/HUNGARY2008ttl!$BE$41 -> 2.4899778e-05 | AP10: =HUNGARY2008ttl!AP6/HUNGARY2008ttl!$BE$42 -> 3.5494558e-05 | AQ10: =HUNGARY2008ttl!AQ6/HUNGARY2008ttl!$BE$43 -> 7.7342084e-05 | AR10: =HUNGARY2008ttl!AR6/HUNGARY2008ttl!$BE$44 -> 9.0683756e-05 | AS10: =HUNGARY2008ttl!AS6/HUNGARY2008ttl!$BE$45 -> 2.4698676e-05 | AT10: =HUNGARY2008ttl!AT6/HUNGARY2008ttl!$BE$46 -> 0
A11: TTL_C10T12 | B11: =HUNGARY2008ttl!B7/HUNGARY2008ttl!$BE$2 -> 0.069583853 | C11: =HUNGARY2008ttl!C7/HUNGARY2008ttl!$BE$3 -> 0.047775947 | D11: =HUNGARY2008ttl!D7/HUNGARY2008ttl!$BE$4 -> 0.0039277298 | E11: =HUNGARY2008ttl!E7/HUNGARY2008ttl!$BE$5 -> 0.00075776711 | F11: =HUNGARY2008ttl!F7/HUNGARY2008ttl!$BE$6 -> 0.00053937433 | G11: =HUNGARY2008ttl!G7/HUNGARY2008ttl!$BE$7 -> 0.094239437 | H11: =HUNGARY2008ttl!H7/HUNGARY2008ttl!$BE$8 -> 0.0022417504 | I11: =HUNGARY2008ttl!I7/HUNGARY2008ttl!$BE$9 -> 0.0014584024 | J11: =HUNGARY2008ttl!J7/HUNGARY2008ttl!$BE$10 -> 0.0058253081 | K11: =HUNGARY2008ttl!K7/HUNGARY2008ttl!$BE$11 -> 0.0045122788 | L11: =HUNGARY2008ttl!L7/HUNGARY2008ttl!$BE$12 -> 0.0047972169 | M11: =HUNGARY2008ttl!M7/HUNGARY2008ttl!$BE$13 -> 0.0049112846 | N11: =HUNGARY2008ttl!N7/HUNGARY2008ttl!$BE$14 -> 0.0029572816 | O11: =HUNGARY2008ttl!O7/HUNGARY2008ttl!$BE$15 -> 0.0013655311 | P11: =HUNGARY2008ttl!P7/HUNGARY2008ttl!$BE$16 -> 0.00098623468 | Q11: =HUNGARY2008ttl!Q7/HUNGARY2008ttl!$BE$17 -> 0.0010332442 | R11: =HUNGARY2008ttl!R7/HUNGARY2008ttl!$BE$18 -> 0.00077034481 | S11: =HUNGARY2008ttl!S7/HUNGARY2008ttl!$BE$19 -> 0.0012416916 | T11: =HUNGARY2008ttl!T7/HUNGARY2008ttl!$BE$20 -> 0.00090685811 | U11: =HUNGARY2008ttl!U7/HUNGARY2008ttl!$BE$21 -> 0.00075826698 | V11: =HUNGARY2008ttl!V7/HUNGARY2008ttl!$BE$22 -> 0.00084766287 | W11: =HUNGARY2008ttl!W7/HUNGARY2008ttl!$BE$23 -> 0.0015635661 | X11: =HUNGARY2008ttl!X7/HUNGARY2008ttl!$BE$24 -> 0.0027453887 | Y11: =HUNGARY2008ttl!Y7/HUNGARY2008ttl!$BE$25 -> 0.001019301 | Z11: =HUNGARY2008ttl!Z7/HUNGARY2008ttl!$BE$26 -> 0.00093118968 | AA11: =HUNGARY2008ttl!AA7/HUNGARY2008ttl!$BE$27 -> 0.0069085685 | AB11: =HUNGARY2008ttl!AB7/HUNGARY2008ttl!$BE$28 -> 0.00066947112 | AC11: =HUNGARY2008ttl!AC7/HUNGARY2008ttl!$BE$29 -> 0.0089320388 | AD11: =HUNGARY2008ttl!AD7/HUNGARY2008ttl!$BE$30 -> 0.0037996278 | AE11: =HUNGARY2008ttl!AE7/HUNGARY2008ttl!$BE$31 -> 0.0004056466 | AF11: =HUNGARY2008ttl!AF7/HUNGARY2008ttl!$BE$32 -> 0.00049517207 | AG11: =HUNGARY2008ttl!AG7/HUNGARY2008ttl!$BE$33 -> 0.2015999 | AH11: =HUNGARY2008ttl!AH7/HUNGARY2008ttl!$BE$34 -> 0.00062406036 | AI11: =HUNGARY2008ttl!AI7/HUNGARY2008ttl!$BE$35 -> 0.00033793932 | AJ11: =HUNGARY2008ttl!AJ7/HUNGARY2008ttl!$BE$36 -> 0.00045773984 | AK11: =HUNGARY2008ttl!AK7/HUNGARY2008ttl!$BE$37 -> 0.00042980948 | AL11: =HUNGARY2008ttl!AL7/HUNGARY2008ttl!$BE$38 -> 0.0010572563 | AM11: =HUNGARY2008ttl!AM7/HUNGARY2008ttl!$BE$39 -> 0.0020662135 | AN11: =HUNGARY2008ttl!AN7/HUNGARY2008ttl!$BE$40 -> 0.0064304907 | AO11: =HUNGARY2008ttl!AO7/HUNGARY2008ttl!$BE$41 -> 0.0018986081 | AP11: =HUNGARY2008ttl!AP7/HUNGARY2008ttl!$BE$42 -> 0.00067439659 | AQ11: =HUNGARY2008ttl!AQ7/HUNGARY2008ttl!$BE$43 -> 0.014573458 | AR11: =HUNGARY2008ttl!AR7/HUNGARY2008ttl!$BE$44 -> 0.0035064385 | AS11: =HUNGARY2008ttl!AS7/HUNGARY2008ttl!$BE$45 -> 0.0034825133 | AT11: =HUNGARY2008ttl!AT7/HUNGARY2008ttl!$BE$46 -> 0
A12: TTL_C13T15 | B12: =HUNGARY2008ttl!B8/HUNGARY2008ttl!$BE$2 -> 0.00046651651 | C12: =HUNGARY2008ttl!C8/HUNGARY2008ttl!$BE$3 -> 0.0016474465 | D12: =HUNGARY2008ttl!D8/HUNGARY2008ttl!$BE$4 -> 0.00078554595 | E12: =HUNGARY2008ttl!E8/HUNGARY2008ttl!$BE$5 -> 0.00075776711 | F12: =HUNGARY2008ttl!F8/HUNGARY2008ttl!$BE$6 -> 0.00053937433 | G12: =HUNGARY2008ttl!G8/HUNGARY2008ttl!$BE$7 -> 0.00085753291 | H12: =HUNGARY2008ttl!H8/HUNGARY2008ttl!$BE$8 -> 0.21014168 | I12: =HUNGARY2008ttl!I8/HUNGARY2008ttl!$BE$9 -> 0.0011269473 | J12: =HUNGARY2008ttl!J8/HUNGARY2008ttl!$BE$10 -> 0.0028958179 | K12: =HUNGARY2008ttl!K8/HUNGARY2008ttl!$BE$11 -> 0.00022873303 | L12: =HUNGARY2008ttl!L8/HUNGARY2008ttl!$BE$12 -> 0.00084225945 | M12: =HUNGARY2008ttl!M8/HUNGARY2008ttl!$BE$13 -> 0.00099361249 | N12: =HUNGARY2008ttl!N8/HUNGARY2008ttl!$BE$14 -> 0.0095586973 | O12: =HUNGARY2008ttl!O8/HUNGARY2008ttl!$BE$15 -> 0.0014134445 | P12: =HUNGARY2008ttl!P8/HUNGARY2008ttl!$BE$16 -> 0.00071344637 | Q12: =HUNGARY2008ttl!Q8/HUNGARY2008ttl!$BE$17 -> 0.00072163089 | R12: =HUNGARY2008ttl!R8/HUNGARY2008ttl!$BE$18 -> 0.00091560983 | S12: =HUNGARY2008ttl!S8/HUNGARY2008ttl!$BE$19 -> 0.0016190685 | T12: =HUNGARY2008ttl!T8/HUNGARY2008ttl!$BE$20 -> 0.0021160023 | U12: =HUNGARY2008ttl!U8/HUNGARY2008ttl!$BE$21 -> 0.0048870724 | V12: =HUNGARY2008ttl!V8/HUNGARY2008ttl!$BE$22 -> 0.00096875757 | W12: =HUNGARY2008ttl!W8/HUNGARY2008ttl!$BE$23 -> 0.020553787 | X12: =HUNGARY2008ttl!X8/HUNGARY2008ttl!$BE$24 -> 0.00038623339 | Y12: =HUNGARY2008ttl!Y8/HUNGARY2008ttl!$BE$25 -> 0.001315227 | Z12: =HUNGARY2008ttl!Z8/HUNGARY2008ttl!$BE$26 -> 0.0010404033 | AA12: =HUNGARY2008ttl!AA8/HUNGARY2008ttl!$BE$27 -> 0.0012380399 | AB12: =HUNGARY2008ttl!AB8/HUNGARY2008ttl!$BE$28 -> 0.00043965267 | AC12: =HUNGARY2008ttl!AC8/HUNGARY2008ttl!$BE$29 -> 0.00077669903 | AD12: =HUNGARY2008ttl!AD8/HUNGARY2008ttl!$BE$30 -> 0.00046526055 | AE12: =HUNGARY2008ttl!AE8/HUNGARY2008ttl!$BE$31 -> 0.00048677592 | AF12: =HUNGARY2008ttl!AF8/HUNGARY2008ttl!$BE$32 -> 0.0010728728 | AG12: =HUNGARY2008ttl!AG8/HUNGARY2008ttl!$BE$33 -> 0.0012247302 | AH12: =HUNGARY2008ttl!AH8/HUNGARY2008ttl!$BE$34 -> 0.00034039656 | AI12: =HUNGARY2008ttl!AI8/HUNGARY2008ttl!$BE$35 -> 0.00035671373 | AJ12: =HUNGARY2008ttl!AJ8/HUNGARY2008ttl!$BE$36 -> 0.00037696222 | AK12: =HUNGARY2008ttl!AK8/HUNGARY2008ttl!$BE$37 -> 0.00021051893 | AL12: =HUNGARY2008ttl!AL8/HUNGARY2008ttl!$BE$38 -> 0.00031717689 | AM12: =HUNGARY2008ttl!AM8/HUNGARY2008ttl!$BE$39 -> 0.00045740603 | AN12: =HUNGARY2008ttl!AN8/HUNGARY2008ttl!$BE$40 -> 0.0012652284 | AO12: =HUNGARY2008ttl!AO8/HUNGARY2008ttl!$BE$41 -> 0.00061626952 | AP12: =HUNGARY2008ttl!AP8/HUNGARY2008ttl!$BE$42 -> 0.00027212494 | AQ12: =HUNGARY2008ttl!AQ8/HUNGARY2008ttl!$BE$43 -> 0.0020882363 | AR12: =HUNGARY2008ttl!AR8/HUNGARY2008ttl!$BE$44 -> 0.0019950426 | AS12: =HUNGARY2008ttl!AS8/HUNGARY2008ttl!$BE$45 -> 0.0056065995 | AT12: =HUNGARY2008ttl!AT8/HUNGARY2008ttl!$BE$46 -> 0
A13: TTL_C16 | B13: =HUNGARY2008ttl!B9/HUNGARY2008ttl!$BE$2 -> 0.0021503495 | C13: =HUNGARY2008ttl!C9/HUNGARY2008ttl!$BE$3 -> 0.0016474465 | D13: =HUNGARY2008ttl!D9/HUNGARY2008ttl!$BE$4 -> 0.00039277298 | E13: =HUNGARY2008ttl!E9/HUNGARY2008ttl!$BE$5 -> 0.00050517808 | F13: =HUNGARY2008ttl!F9/HUNGARY2008ttl!$BE$6 -> 0 | G13: =HUNGARY2008ttl!G9/HUNGARY2008ttl!$BE$7 -> 0.0018728519 | H13: =HUNGARY2008ttl!H9/HUNGARY2008ttl!$BE$8 -> 0.0025555954 | I13: =HUNGARY2008ttl!I9/HUNGARY2008ttl!$BE$9 -> 0.20715943 | J13: =HUNGARY2008ttl!J9/HUNGARY2008ttl!$BE$10 -> 0.0023570611 | K13: =HUNGARY2008ttl!K9/HUNGARY2008ttl!$BE$11 -> 0.00022873303 | L13: =HUNGARY2008ttl!L9/HUNGARY2008ttl!$BE$12 -> 0.0029295981 | M13: =HUNGARY2008ttl!M9/HUNGARY2008ttl!$BE$13 -> 0.00045422285 | N13: =HUNGARY2008ttl!N9/HUNGARY2008ttl!$BE$14 -> 0.003472421 | O13: =HUNGARY2008ttl!O9/HUNGARY2008ttl!$BE$15 -> 0.0080015332 | P13: =HUNGARY2008ttl!P9/HUNGARY2008ttl!$BE$16 -> 0.0021193554 | Q13: =HUNGARY2008ttl!Q9/HUNGARY2008ttl!$BE$17 -> 0.0049202106 | R13: =HUNGARY2008ttl!R9/HUNGARY2008ttl!$BE$18 -> 0.0010168551 | S13: =HUNGARY2008ttl!S9/HUNGARY2008ttl!$BE$19 -> 0.0028485867 | T13: =HUNGARY2008ttl!T9/HUNGARY2008ttl!$BE$20 -> 0.0029850746 | U13: =HUNGARY2008ttl!U9/HUNGARY2008ttl!$BE$21 -> 0.0019206653 | V13: =HUNGARY2008ttl!V9/HUNGARY2008ttl!$BE$22 -> 0.0032695568 | W13: =HUNGARY2008ttl!W9/HUNGARY2008ttl!$BE$23 -> 0.050432113 | X13: =HUNGARY2008ttl!X9/HUNGARY2008ttl!$BE$24 -> 0.0023069616 | Y13: =HUNGARY2008ttl!Y9/HUNGARY2008ttl!$BE$25 -> 0.00092065893 | Z13: =HUNGARY2008ttl!Z9/HUNGARY2008ttl!$BE$26 -> 0.021083974 | AA13: =HUNGARY2008ttl!AA9/HUNGARY2008ttl!$BE$27 -> 0.0025708434 | AB13: =HUNGARY2008ttl!AB9/HUNGARY2008ttl!$BE$28 -> 0.0011391001 | AC13: =HUNGARY2008ttl!AC9/HUNGARY2008ttl!$BE$29 -> 0.0019417476 | AD13: =HUNGARY2008ttl!AD9/HUNGARY2008ttl!$BE$30 -> 0.00046526055 | AE13: =HUNGARY2008ttl!AE9/HUNGARY2008ttl!$BE$31 -> 0.00044621126 | AF13: =HUNGARY2008ttl!AF9/HUNGARY2008ttl!$BE$32 -> 0.00024758604 | AG13: =HUNGARY2008ttl!AG9/HUNGARY2008ttl!$BE$33 -> 0.00093017487 | AH13: =HUNGARY2008ttl!AH9/HUNGARY2008ttl!$BE$34 -> 0.00022693104 | AI13: =HUNGARY2008ttl!AI9/HUNGARY2008ttl!$BE$35 -> 0.00052568339 | AJ13: =HUNGARY2008ttl!AJ9/HUNGARY2008ttl!$BE$36 -> 0.00010770349 | AK13: =HUNGARY2008ttl!AK9/HUNGARY2008ttl!$BE$37 -> 0.00010525946 | AL13: =HUNGARY2008ttl!AL9/HUNGARY2008ttl!$BE$38 -> 0.0042525198 | AM13: =HUNGARY2008ttl!AM9/HUNGARY2008ttl!$BE$39 -> 0.001648239 | AN13: =HUNGARY2008ttl!AN9/HUNGARY2008ttl!$BE$40 -> 0.0013434899 | AO13: =HUNGARY2008ttl!AO9/HUNGARY2008ttl!$BE$41 -> 0.00020542317 | AP13: =HUNGARY2008ttl!AP9/HUNGARY2008ttl!$BE$42 -> 8.2820634e-05 | AQ13: =HUNGARY2008ttl!AQ9/HUNGARY2008ttl!$BE$43 -> 0.00037566155 | AR13: =HUNGARY2008ttl!AR9/HUNGARY2008ttl!$BE$44 -> 0.0004836467 | AS13: =HUNGARY2008ttl!AS9/HUNGARY2008ttl!$BE$45 -> 0.0014819206 | AT13: =HUNGARY2008ttl!AT9/HUNGARY2008ttl!$BE$46 -> 0
A14: TTL_C17_18 | B14: =HUNGARY2008ttl!B10/HUNGARY2008ttl!$BE$2 -> 0.0021722175 | C14: =HUNGARY2008ttl!C10/HUNGARY2008ttl!$BE$3 -> 0.0016474465 | D14: =HUNGARY2008ttl!D10/HUNGARY2008ttl!$BE$4 -> 0.00039277298 | E14: =HUNGARY2008ttl!E10/HUNGARY2008ttl!$BE$5 -> 0.0012629452 | F14: =HUNGARY2008ttl!F10/HUNGARY2008ttl!$BE$6 -> 0 | G14: =HUNGARY2008ttl!G10/HUNGARY2008ttl!$BE$7 -> 0.02136972 | H14: =HUNGARY2008ttl!H10/HUNGARY2008ttl!$BE$8 -> 0.006052726 | I14: =HUNGARY2008ttl!I10/HUNGARY2008ttl!$BE$9 -> 0.019887305 | J14: =HUNGARY2008ttl!J10/HUNGARY2008ttl!$BE$10 -> 0.31665432 | K14: =HUNGARY2008ttl!K10/HUNGARY2008ttl!$BE$11 -> 0.00038468736 | L14: =HUNGARY2008ttl!L10/HUNGARY2008ttl!$BE$12 -> 0.0089352742 | M14: =HUNGARY2008ttl!M10/HUNGARY2008ttl!$BE$13 -> 0.0072959546 | N14: =HUNGARY2008ttl!N10/HUNGARY2008ttl!$BE$14 -> 0.011848206 | O14: =HUNGARY2008ttl!O10/HUNGARY2008ttl!$BE$15 -> 0.0062047818 | P14: =HUNGARY2008ttl!P10/HUNGARY2008ttl!$BE$16 -> 0.0013219741 | Q14: =HUNGARY2008ttl!Q10/HUNGARY2008ttl!$BE$17 -> 0.0025913109 | R14: =HUNGARY2008ttl!R10/HUNGARY2008ttl!$BE$18 -> 0.0034379388 | S14: =HUNGARY2008ttl!S10/HUNGARY2008ttl!$BE$19 -> 0.0099944002 | T14: =HUNGARY2008ttl!T10/HUNGARY2008ttl!$BE$20 -> 0.0027583601 | U14: =HUNGARY2008ttl!U10/HUNGARY2008ttl!$BE$21 -> 0.0015873611 | V14: =HUNGARY2008ttl!V10/HUNGARY2008ttl!$BE$22 -> 0.0018164204 | W14: =HUNGARY2008ttl!W10/HUNGARY2008ttl!$BE$23 -> 0.0090686832 | X14: =HUNGARY2008ttl!X10/HUNGARY2008ttl!$BE$24 -> 0.0017954633 | Y14: =HUNGARY2008ttl!Y10/HUNGARY2008ttl!$BE$25 -> 0.001315227 | Z14: =HUNGARY2008ttl!Z10/HUNGARY2008ttl!$BE$26 -> 0.00098292244 | AA14: =HUNGARY2008ttl!AA10/HUNGARY2008ttl!$BE$27 -> 0.013233271 | AB14: =HUNGARY2008ttl!AB10/HUNGARY2008ttl!$BE$28 -> 0.001408887 | AC14: =HUNGARY2008ttl!AC10/HUNGARY2008ttl!$BE$29 -> 0.00077669903 | AD14: =HUNGARY2008ttl!AD10/HUNGARY2008ttl!$BE$30 -> 0.00085297767 | AE14: =HUNGARY2008ttl!AE10/HUNGARY2008ttl!$BE$31 -> 0.0027178322 | AF14: =HUNGARY2008ttl!AF10/HUNGARY2008ttl!$BE$32 -> 0.0063547083 | AG14: =HUNGARY2008ttl!AG10/HUNGARY2008ttl!$BE$33 -> 0.0023254372 | AH14: =HUNGARY2008ttl!AH10/HUNGARY2008ttl!$BE$34 -> 0.098885201 | AI14: =HUNGARY2008ttl!AI10/HUNGARY2008ttl!$BE$35 -> 0.0014080805 | AJ14: =HUNGARY2008ttl!AJ10/HUNGARY2008ttl!$BE$36 -> 0.003608067 | AK14: =HUNGARY2008ttl!AK10/HUNGARY2008ttl!$BE$37 -> 0.0095873829 | AL14: =HUNGARY2008ttl!AL10/HUNGARY2008ttl!$BE$38 -> 0.0040763104 | AM14: =HUNGARY2008ttl!AM10/HUNGARY2008ttl!$BE$39 -> 0.0055677355 | AN14: =HUNGARY2008ttl!AN10/HUNGARY2008ttl!$BE$40 -> 0.0063391856 | AO14: =HUNGARY2008ttl!AO10/HUNGARY2008ttl!$BE$41 -> 0.0056833744 | AP14: =HUNGARY2008ttl!AP10/HUNGARY2008ttl!$BE$42 -> 0.0032536678 | AQ14: =HUNGARY2008ttl!AQ10/HUNGARY2008ttl!$BE$43 -> 0.0016241838 | AR14: =HUNGARY2008ttl!AR10/HUNGARY2008ttl!$BE$44 -> 0.0040203132 | AS14: =HUNGARY2008ttl!AS10/HUNGARY2008ttl!$BE$45 -> 0.0041493776 | AT14: =HUNGARY2008ttl!AT10/HUNGARY2008ttl!$BE$46 -> 0
A15: TTL_C19 | B15: =HUNGARY2008ttl!B11/HUNGARY2008ttl!$BE$2 -> 0.032583262 | C15: =HUNGARY2008ttl!C11/HUNGARY2008ttl!$BE$3 -> 0.039538715 | D15: =HUNGARY2008ttl!D11/HUNGARY2008ttl!$BE$4 -> 0.031814611 | E15: =HUNGARY2008ttl!E11/HUNGARY2008ttl!$BE$5 -> 0.040919424 | F15: =HUNGARY2008ttl!F11/HUNGARY2008ttl!$BE$6 -> 0.032901834 | G15: =HUNGARY2008ttl!G11/HUNGARY2008ttl!$BE$7 -> 0.010551085 | H15: =HUNGARY2008ttl!H11/HUNGARY2008ttl!$BE$8 -> 0.006142396 | I15: =HUNGARY2008ttl!I11/HUNGARY2008ttl!$BE$9 -> 0.010473981 | J15: =HUNGARY2008ttl!J11/HUNGARY2008ttl!$BE$10 -> 0.0070375109 | K15: =HUNGARY2008ttl!K11/HUNGARY2008ttl!$BE$11 -> 0.093468632 | L15: =HUNGARY2008ttl!L11/HUNGARY2008ttl!$BE$12 -> 0.15726449 | M15: =HUNGARY2008ttl!M11/HUNGARY2008ttl!$BE$13 -> 0.010645848 | N15: =HUNGARY2008ttl!N11/HUNGARY2008ttl!$BE$14 -> 0.015912083 | O15: =HUNGARY2008ttl!O11/HUNGARY2008ttl!$BE$15 -> 0.029179244 | P15: =HUNGARY2008ttl!P11/HUNGARY2008ttl!$BE$16 -> 0.042240222 | Q15: =HUNGARY2008ttl!Q11/HUNGARY2008ttl!$BE$17 -> 0.005445033 | R15: =HUNGARY2008ttl!R11/HUNGARY2008ttl!$BE$18 -> 0.0026896039 | S15: =HUNGARY2008ttl!S11/HUNGARY2008ttl!$BE$19 -> 0.0062449785 | T15: =HUNGARY2008ttl!T11/HUNGARY2008ttl!$BE$20 -> 0.005705649 | U15: =HUNGARY2008ttl!U11/HUNGARY2008ttl!$BE$21 -> 0.0032330504 | V15: =HUNGARY2008ttl!V11/HUNGARY2008ttl!$BE$22 -> 0.0052070719 | W15: =HUNGARY2008ttl!W11/HUNGARY2008ttl!$BE$23 -> 0.0070502615 | X15: =HUNGARY2008ttl!X11/HUNGARY2008ttl!$BE$24 -> 0.03339353 | Y15: =HUNGARY2008ttl!Y11/HUNGARY2008ttl!$BE$25 -> 0.022293098 | Z15: =HUNGARY2008ttl!Z11/HUNGARY2008ttl!$BE$26 -> 0.021434607 | AA15: =HUNGARY2008ttl!AA11/HUNGARY2008ttl!$BE$27 -> 0.016825115 | AB15: =HUNGARY2008ttl!AB11/HUNGARY2008ttl!$BE$28 -> 0.11644801 | AC15: =HUNGARY2008ttl!AC11/HUNGARY2008ttl!$BE$29 -> 0.17902913 | AD15: =HUNGARY2008ttl!AD11/HUNGARY2008ttl!$BE$30 -> 0.19657258 | AE15: =HUNGARY2008ttl!AE11/HUNGARY2008ttl!$BE$31 -> 0.035453513 | AF15: =HUNGARY2008ttl!AF11/HUNGARY2008ttl!$BE$32 -> 0.0099859701 | AG15: =HUNGARY2008ttl!AG11/HUNGARY2008ttl!$BE$33 -> 0.0054725288 | AH15: =HUNGARY2008ttl!AH11/HUNGARY2008ttl!$BE$34 -> 0.0024395087 | AI15: =HUNGARY2008ttl!AI11/HUNGARY2008ttl!$BE$35 -> 0.0024969961 | AJ15: =HUNGARY2008ttl!AJ11/HUNGARY2008ttl!$BE$36 -> 0.0038773257 | AK15: =HUNGARY2008ttl!AK11/HUNGARY2008ttl!$BE$37 -> 0.0045612435 | AL15: =HUNGARY2008ttl!AL11/HUNGARY2008ttl!$BE$38 -> 0.0058736461 | AM15: =HUNGARY2008ttl!AM11/HUNGARY2008ttl!$BE$39 -> 0.0078468794 | AN15: =HUNGARY2008ttl!AN11/HUNGARY2008ttl!$BE$40 -> 0.012287063 | AO15: =HUNGARY2008ttl!AO11/HUNGARY2008ttl!$BE$41 -> 0.0057144991 | AP15: =HUNGARY2008ttl!AP11/HUNGARY2008ttl!$BE$42 -> 0.0048035968 | AQ15: =HUNGARY2008ttl!AQ11/HUNGARY2008ttl!$BE$43 -> 0.0082203586 | AR15: =HUNGARY2008ttl!AR11/HUNGARY2008ttl!$BE$44 -> 0.0097333898 | AS15: =HUNGARY2008ttl!AS11/HUNGARY2008ttl!$BE$45 -> 0.0076565896 | AT15: =HUNGARY2008ttl!AT11/HUNGARY2008ttl!$BE$46 -> 0
A16: TTL_C20 | B16: =HUNGARY2008ttl!B12/HUNGARY2008ttl!$BE$2 -> 0.054123204 | C16: =HUNGARY2008ttl!C12/HUNGARY2008ttl!$BE$3 -> 0.0016474465 | D16: =HUNGARY2008ttl!D12/HUNGARY2008ttl!$BE$4 -> 0.0047132757 | E16: =HUNGARY2008ttl!E12/HUNGARY2008ttl!$BE$5 -> 0.013387219 | F16: =HUNGARY2008ttl!F12/HUNGARY2008ttl!$BE$6 -> 0.01618123 | G16: =HUNGARY2008ttl!G12/HUNGARY2008ttl!$BE$7 -> 0.026405153 | H16: =HUNGARY2008ttl!H12/HUNGARY2008ttl!$BE$8 -> 0.026273314 | I16: =HUNGARY2008ttl!I12/HUNGARY2008ttl!$BE$9 -> 0.030096122 | J16: =HUNGARY2008ttl!J12/HUNGARY2008ttl!$BE$10 -> 0.021078861 | K16: =HUNGARY2008ttl!K12/HUNGARY2008ttl!$BE$11 -> 0.034850596 | L16: =HUNGARY2008ttl!L12/HUNGARY2008ttl!$BE$12 -> 0.16658427 | M16: =HUNGARY2008ttl!M12/HUNGARY2008ttl!$BE$13 -> 0.080567779 | N16: =HUNGARY2008ttl!N12/HUNGARY2008ttl!$BE$14 -> 0.18863641 | O16: =HUNGARY2008ttl!O12/HUNGARY2008ttl!$BE$15 -> 0.048272723 | P16: =HUNGARY2008ttl!P12/HUNGARY2008ttl!$BE$16 -> 0.0090859493 | Q16: =HUNGARY2008ttl!Q12/HUNGARY2008ttl!$BE$17 -> 0.0096108113 | R16: =HUNGARY2008ttl!R12/HUNGARY2008ttl!$BE$18 -> 0.0075273693 | S16: =HUNGARY2008ttl!S12/HUNGARY2008ttl!$BE$19 -> 0.036812505 | T16: =HUNGARY2008ttl!T12/HUNGARY2008ttl!$BE$20 -> 0.0088040809 | U16: =HUNGARY2008ttl!U12/HUNGARY2008ttl!$BE$21 -> 0.007653497 | V16: =HUNGARY2008ttl!V12/HUNGARY2008ttl!$BE$22 -> 0.0073867765 | W16: =HUNGARY2008ttl!W12/HUNGARY2008ttl!$BE$23 -> 0.017312941 | X16: =HUNGARY2008ttl!X12/HUNGARY2008ttl!$BE$24 -> 0.0070357109 | Y16: =HUNGARY2008ttl!Y12/HUNGARY2008ttl!$BE$25 -> 0.01022589 | Z16: =HUNGARY2008ttl!Z12/HUNGARY2008ttl!$BE$26 -> 0.010806399 | AA16: =HUNGARY2008ttl!AA12/HUNGARY2008ttl!$BE$27 -> 0.007498548 | AB16: =HUNGARY2008ttl!AB12/HUNGARY2008ttl!$BE$28 -> 0.0038269767 | AC16: =HUNGARY2008ttl!AC12/HUNGARY2008ttl!$BE$29 -> 0.0081553398 | AD16: =HUNGARY2008ttl!AD12/HUNGARY2008ttl!$BE$30 -> 0.0032568238 | AE16: =HUNGARY2008ttl!AE12/HUNGARY2008ttl!$BE$31 -> 0.0028800909 | AF16: =HUNGARY2008ttl!AF12/HUNGARY2008ttl!$BE$32 -> 0.002310803 | AG16: =HUNGARY2008ttl!AG12/HUNGARY2008ttl!$BE$33 -> 0.0051934764 | AH16: =HUNGARY2008ttl!AH12/HUNGARY2008ttl!$BE$34 -> 0.0028650044 | AI16: =HUNGARY2008ttl!AI12/HUNGARY2008ttl!$BE$35 -> 0.00045058576 | AJ16: =HUNGARY2008ttl!AJ12/HUNGARY2008ttl!$BE$36 -> 0.0012385902 | AK16: =HUNGARY2008ttl!AK12/HUNGARY2008ttl!$BE$37 -> 0.001254342 | AL16: =HUNGARY2008ttl!AL12/HUNGARY2008ttl!$BE$38 -> 0.003900101 | AM16: =HUNGARY2008ttl!AM12/HUNGARY2008ttl!$BE$39 -> 0.0057885522 | AN16: =HUNGARY2008ttl!AN12/HUNGARY2008ttl!$BE$40 -> 0.0076435447 | AO16: =HUNGARY2008ttl!AO12/HUNGARY2008ttl!$BE$41 -> 0.0014192874 | AP16: =HUNGARY2008ttl!AP12/HUNGARY2008ttl!$BE$42 -> 0.0031945102 | AQ16: =HUNGARY2008ttl!AQ12/HUNGARY2008ttl!$BE$43 -> 0.0185621 | AR16: =HUNGARY2008ttl!AR12/HUNGARY2008ttl!$BE$44 -> 0.0097938456 | AS16: =HUNGARY2008ttl!AS12/HUNGARY2008ttl!$BE$45 -> 0.011065007 | AT16: =HUNGARY2008ttl!AT12/HUNGARY2008ttl!$BE$46 -> 0
A17: TTL_C21 | B17: =HUNGARY2008ttl!B13/HUNGARY2008ttl!$BE$2 -> 0.0039872583 | C17: =HUNGARY2008ttl!C13/HUNGARY2008ttl!$BE$3 -> 0.0016474465 | D17: =HUNGARY2008ttl!D13/HUNGARY2008ttl!$BE$4 -> 0.00078554595 | E17: =HUNGARY2008ttl!E13/HUNGARY2008ttl!$BE$5 -> 0.00075776711 | F17: =HUNGARY2008ttl!F13/HUNGARY2008ttl!$BE$6 -> 0.0010787487 | G17: =HUNGARY2008ttl!G13/HUNGARY2008ttl!$BE$7 -> 0.0026137603 | H17: =HUNGARY2008ttl!H13/HUNGARY2008ttl!$BE$8 -> 0.0018382353 | I17: =HUNGARY2008ttl!I13/HUNGARY2008ttl!$BE$9 -> 0.0014584024 | J17: =HUNGARY2008ttl!J13/HUNGARY2008ttl!$BE$10 -> 0.0011785305 | K17: =HUNGARY2008ttl!K13/HUNGARY2008ttl!$BE$11 -> 0.0013931921 | L17: =HUNGARY2008ttl!L13/HUNGARY2008ttl!$BE$12 -> 0.0065366658 | M17: =HUNGARY2008ttl!M13/HUNGARY2008ttl!$BE$13 -> 0.064755145 | N17: =HUNGARY2008ttl!N13/HUNGARY2008ttl!$BE$14 -> 0.0068876042 | O17: =HUNGARY2008ttl!O13/HUNGARY2008ttl!$BE$15 -> 0.001988405 | P17: =HUNGARY2008ttl!P13/HUNGARY2008ttl!$BE$16 -> 0.0017836159 | Q17: =HUNGARY2008ttl!Q13/HUNGARY2008ttl!$BE$17 -> 0.00067242878 | R17: =HUNGARY2008ttl!R13/HUNGARY2008ttl!$BE$18 -> 0.0010784827 | S17: =HUNGARY2008ttl!S13/HUNGARY2008ttl!$BE$19 -> 0.0019355781 | T17: =HUNGARY2008ttl!T13/HUNGARY2008ttl!$BE$20 -> 0.0008312866 | U17: =HUNGARY2008ttl!U13/HUNGARY2008ttl!$BE$21 -> 0.0011540657 | V17: =HUNGARY2008ttl!V13/HUNGARY2008ttl!$BE$22 -> 0.00060547348 | W17: =HUNGARY2008ttl!W13/HUNGARY2008ttl!$BE$23 -> 0.0012224244 | X17: =HUNGARY2008ttl!X13/HUNGARY2008ttl!$BE$24 -> 0.00057413071 | Y17: =HUNGARY2008ttl!Y13/HUNGARY2008ttl!$BE$25 -> 0.00065761352 | Z17: =HUNGARY2008ttl!Z13/HUNGARY2008ttl!$BE$26 -> 0.00080473182 | AA17: =HUNGARY2008ttl!AA13/HUNGARY2008ttl!$BE$27 -> 0.0008926115 | AB17: =HUNGARY2008ttl!AB13/HUNGARY2008ttl!$BE$28 -> 0.00049960531 | AC17: =HUNGARY2008ttl!AC13/HUNGARY2008ttl!$BE$29 -> 0.0015533981 | AD17: =HUNGARY2008ttl!AD13/HUNGARY2008ttl!$BE$30 -> 0.0010856079 | AE17: =HUNGARY2008ttl!AE13/HUNGARY2008ttl!$BE$31 -> 0.00036508194 | AF17: =HUNGARY2008ttl!AF13/HUNGARY2008ttl!$BE$32 -> 0.00024758604 | AG17: =HUNGARY2008ttl!AG13/HUNGARY2008ttl!$BE$33 -> 0.0007441399 | AH17: =HUNGARY2008ttl!AH13/HUNGARY2008ttl!$BE$34 -> 0.00051059484 | AI17: =HUNGARY2008ttl!AI13/HUNGARY2008ttl!$BE$35 -> 0.0002816161 | AJ17: =HUNGARY2008ttl!AJ13/HUNGARY2008ttl!$BE$36 -> 0.00053851746 | AK17: =HUNGARY2008ttl!AK13/HUNGARY2008ttl!$BE$37 -> 0.00028946353 | AL17: =HUNGARY2008ttl!AL13/HUNGARY2008ttl!$BE$38 -> 0.00036416606 | AM17: =HUNGARY2008ttl!AM13/HUNGARY2008ttl!$BE$39 -> 0.0012460371 | AN17: =HUNGARY2008ttl!AN13/HUNGARY2008ttl!$BE$40 -> 0.00080870268 | AO17: =HUNGARY2008ttl!AO13/HUNGARY2008ttl!$BE$41 -> 0.00035482184 | AP17: =HUNGARY2008ttl!AP13/HUNGARY2008ttl!$BE$42 -> 0.00035494558 | AQ17: =HUNGARY2008ttl!AQ13/HUNGARY2008ttl!$BE$43 -> 0.043709326 | AR17: =HUNGARY2008ttl!AR13/HUNGARY2008ttl!$BE$44 -> 0.0014509401 | AS17: =HUNGARY2008ttl!AS13/HUNGARY2008ttl!$BE$45 -> 0.0011608378 | AT17: =HUNGARY2008ttl!AT13/HUNGARY2008ttl!$BE$46 -> 0
... A50: TTL_T | B50: =HUNGARY2008ttl!B46/HUNGARY2008ttl!$BE$2 -> 0 | C50: =HUNGARY2008ttl!C46/HUNGARY2008ttl!$BE$3 -> 0 | D50: =HUNGARY2008ttl!D46/HUNGARY2008ttl!$BE$4 -> 0 | E50: =HUNGARY2008ttl!E46/HUNGARY2008ttl!$BE$5 -> 0 | F50: =HUNGARY2008ttl!F46/HUNGARY2008ttl!$BE$6 -> 0 | G50: =HUNGARY2008ttl!G46/HUNGARY2008ttl!$BE$7 -> 0 | H50: =HUNGARY2008ttl!H46/HUNGARY2008ttl!$BE$8 -> 0 | I50: =HUNGARY2008ttl!I46/HUNGARY2008ttl!$BE$9 -> 0 | J50: =HUNGARY2008ttl!J46/HUNGARY2008ttl!$BE$10 -> 0 | K50: =HUNGARY2008ttl!K46/HUNGARY2008ttl!$BE$11 -> 0 | L50: =HUNGARY2008ttl!L46/HUNGARY2008ttl!$BE$12 -> 0 | M50: =HUNGARY2008ttl!M46/HUNGARY2008ttl!$BE$13 -> 0 | N50: =HUNGARY2008ttl!N46/HUNGARY2008ttl!$BE$14 -> 0 | O50: =HUNGARY2008ttl!O46/HUNGARY2008ttl!$BE$15 -> 0 | P50: =HUNGARY2008ttl!P46/HUNGARY2008ttl!$BE$16 -> 0 | Q50: =HUNGARY2008ttl!Q46/HUNGARY2008ttl!$BE$17 -> 0 | R50: =HUNGARY2008ttl!R46/HUNGARY2008ttl!$BE$18 -> 0 | S50: =HUNGARY2008ttl!S46/HUNGARY2008ttl!$BE$19 -> 0 | T50: =HUNGARY2008ttl!T46/HUNGARY2008ttl!$BE$20 -> 0 | U50: =HUNGARY2008ttl!U46/HUNGARY2008ttl!$BE$21 -> 0 | V50: =HUNGARY2008ttl!V46/HUNGARY2008ttl!$BE$22 -> 0 | W50: =HUNGARY2008ttl!W46/HUNGARY2008ttl!$BE$23 -> 0 | X50: =HUNGARY2008ttl!X46/HUNGARY2008ttl!$BE$24 -> 0 | Y50: =HUNGARY2008ttl!Y46/HUNGARY2008ttl!$BE$25 -> 0 | Z50: =HUNGARY2008ttl!Z46/HUNGARY2008ttl!$BE$26 -> 0 | AA50: =HUNGARY2008ttl!AA46/HUNGARY2008ttl!$BE$27 -> 0 | AB50: =HUNGARY2008ttl!AB46/HUNGARY2008ttl!$BE$28 -> 0 | AC50: =HUNGARY2008ttl!AC46/HUNGARY2008ttl!$BE$29 -> 0 | AD50: =HUNGARY2008ttl!AD46/HUNGARY2008ttl!$BE$30 -> 0 | AE50: =HUNGARY2008ttl!AE46/HUNGARY2008ttl!$BE$31 -> 0 | AF50: =HUNGARY2008ttl!AF46/HUNGARY2008ttl!$BE$32 -> 0 | AG50: =HUNGARY2008ttl!AG46/HUNGARY2008ttl!$BE$33 -> 0 | AH50: =HUNGARY2008ttl!AH46/HUNGARY2008ttl!$BE$34 -> 0 | AI50: =HUNGARY2008ttl!AI46/HUNGARY2008ttl!$BE$35 -> 0 | AJ50: =HUNGARY2008ttl!AJ46/HUNGARY2008ttl!$BE$36 -> 0 | AK50: =HUNGARY2008ttl!AK46/HUNGARY2008ttl!$BE$37 -> 0 | AL50: =HUNGARY2008ttl!AL46/HUNGARY2008ttl!$BE$38 -> 0 | AM50: =HUNGARY2008ttl!AM46/HUNGARY2008ttl!$BE$39 -> 0 | AN50: =HUNGARY2008ttl!AN46/HUNGARY2008ttl!$BE$40 -> 0 | AO50: =HUNGARY2008ttl!AO46/HUNGARY2008ttl!$BE$41 -> 0 | AP50: =HUNGARY2008ttl!AP46/HUNGARY2008ttl!$BE$42 -> 0 | AQ50: =HUNGARY2008ttl!AQ46/HUNGARY2008ttl!$BE$43 -> 0 | AR50: =HUNGARY2008ttl!AR46/HUNGARY2008ttl!$BE$44 -> 0 | AS50: =HUNGARY2008ttl!AS46/HUNGARY2008ttl!$BE$45 -> 0 | AT50: =HUNGARY2008ttl!AT46/HUNGARY2008ttl!$BE$46 -> 0
B53: IDENTITY MATRIX(I)
B57: 1 | C57: 0 | D57: 0 | E57: 0 | F57: 0 | G57: 0 | H57: 0 | I57: 0 | J57: 0 | K57: 0 | L57: 0 | M57: 0 | N57: 0 | O57: 0 | P57: 0 | Q57: 0 | R57: 0 | S57: 0 | T57: 0 | U57: 0 | V57: 0 | W57: 0 | X57: 0 | Y57: 0 | Z57: 0 | AA57: 0 | AB57: 0 | AC57: 0 | AD57: 0 | AE57: 0 | AF57: 0 | AG57: 0 | AH57: 0 | AI57: 0 | AJ57: 0 | AK57: 0 | AL57: 0 | AM57: 0 | AN57: 0 | AO57: 0 | AP57: 0 | AQ57: 0 | AR57: 0 | AS57: 0 | AT57: 0
B58: 0 | C58: 1 | D58: 0 | E58: 0 | F58: 0 | G58: 0 | H58: 0 | I58: 0 | J58: 0 | K58: 0 | L58: 0 | M58: 0 | N58: 0 | O58: 0 | P58: 0 | Q58: 0 | R58: 0 | S58: 0 | T58: 0 | U58: 0 | V58: 0 | W58: 0 | X58: 0 | Y58: 0 | Z58: 0 | AA58: 0 | AB58: 0 | AC58: 0 | AD58: 0 | AE58: 0 | AF58: 0 | AG58: 0 | AH58: 0 | AI58: 0 | AJ58: 0 | AK58: 0 | AL58: 0 | AM58: 0 | AN58: 0 | AO58: 0 | AP58: 0 | AQ58: 0 | AR58: 0 | AS58: 0 | AT58: 0
B59: 0 | C59: 0 | D59: 1 | E59: 0 | F59: 0 | G59: 0 | H59: 0 | I59: 0 | J59: 0 | K59: 0 | L59: 0 | M59: 0 | N59: 0 | O59: 0 | P59: 0 | Q59: 0 | R59: 0 | S59: 0 | T59: 0 | U59: 0 | V59: 0 | W59: 0 | X59: 0 | Y59: 0 | Z59: 0 | AA59: 0 | AB59: 0 | AC59: 0 | AD59: 0 | AE59: 0 | AF59: 0 | AG59: 0 | AH59: 0 | AI59: 0 | AJ59: 0 | AK59: 0 | AL59: 0 | AM59: 0 | AN59: 0 | AO59: 0 | AP59: 0 | AQ59: 0 | AR59: 0 | AS59: 0 | AT59: 0
B60: 0 | C60: 0 | D60: 0 | E60: 1 | F60: 0 | G60: 0 | H60: 0 | I60: 0 | J60: 0 | K60: 0 | L60: 0 | M60: 0 | N60: 0 | O60: 0 | P60: 0 | Q60: 0 | R60: 0 | S60: 0 | T60: 0 | U60: 0 | V60: 0 | W60: 0 | X60: 0 | Y60: 0 | Z60: 0 | AA60: 0 | AB60: 0 | AC60: 0 | AD60: 0 | AE60: 0 | AF60: 0 | AG60: 0 | AH60: 0 | AI60: 0 | AJ60: 0 | AK60: 0 | AL60: 0 | AM60: 0 | AN60: 0 | AO60: 0 | AP60: 0 | AQ60: 0 | AR60: 0 | AS60: 0 | AT60: 0
B61: 0 | C61: 0 | D61: 0 | E61: 0 | F61: 1 | G61: 0 | H61: 0 | I61: 0 | J61: 0 | K61: 0 | L61: 0 | M61: 0 | N61: 0 | O61: 0 | P61: 0 | Q61: 0 | R61: 0 | S61: 0 | T61: 0 | U61: 0 | V61: 0 | W61: 0 | X61: 0 | Y61: 0 | Z61: 0 | AA61: 0 | AB61: 0 | AC61: 0 | AD61: 0 | AE61: 0 | AF61: 0 | AG61: 0 | AH61: 0 | AI61: 0 | AJ61: 0 | AK61: 0 | AL61: 0 | AM61: 0 | AN61: 0 | AO61: 0 | AP61: 0 | AQ61: 0 | AR61: 0 | AS61: 0 | AT61: 0
B62: 0 | C62: 0 | D62: 0 | E62: 0 | F62: 0 | G62: 1 | H62: 0 | I62: 0 | J62: 0 | K62: 0 | L62: 0 | M62: 0 | N62: 0 | O62: 0 | P62: 0 | Q62: 0 | R62: 0 | S62: 0 | T62: 0 | U62: 0 | V62: 0 | W62: 0 | X62: 0 | Y62: 0 | Z62: 0 | AA62: 0 | AB62: 0 | AC62: 0 | AD62: 0 | AE62: 0 | AF62: 0 | AG62: 0 | AH62: 0 | AI62: 0 | AJ62: 0 | AK62: 0 | AL62: 0 | AM62: 0 | AN62: 0 | AO62: 0 | AP62: 0 | AQ62: 0 | AR62: 0 | AS62: 0 | AT62: 0
B63: 0 | C63: 0 | D63: 0 | E63: 0 | F63: 0 | G63: 0 | H63: 1 | I63: 0 | J63: 0 | K63: 0 | L63: 0 | M63: 0 | N63: 0 | O63: 0 | P63: 0 | Q63: 0 | R63: 0 | S63: 0 | T63: 0 | U63: 0 | V63: 0 | W63: 0 | X63: 0 | Y63: 0 | Z63: 0 | AA63: 0 | AB63: 0 | AC63: 0 | AD63: 0 | AE63: 0 | AF63: 0 | AG63: 0 | AH63: 0 | AI63: 0 | AJ63: 0 | AK63: 0 | AL63: 0 | AM63: 0 | AN63: 0 | AO63: 0 | AP63: 0 | AQ63: 0 | AR63: 0 | AS63: 0 | AT63: 0
B64: 0 | C64: 0 | D64: 0 | E64: 0 | F64: 0 | G64: 0 | H64: 0 | I64: 1 | J64: 0 | K64: 0 | L64: 0 | M64: 0 | N64: 0 | O64: 0 | P64: 0 | Q64: 0 | R64: 0 | S64: 0 | T64: 0 | U64: 0 | V64: 0 | W64: 0 | X64: 0 | Y64: 0 | Z64: 0 | AA64: 0 | AB64: 0 | AC64: 0 | AD64: 0 | AE64: 0 | AF64: 0 | AG64: 0 | AH64: 0 | AI64: 0 | AJ64: 0 | AK64: 0 | AL64: 0 | AM64: 0 | AN64: 0 | AO64: 0 | AP64: 0 | AQ64: 0 | AR64: 0 | AS64: 0 | AT64: 0
B65: 0 | C65: 0 | D65: 0 | E65: 0 | F65: 0 | G65: 0 | H65: 0 | I65: 0 | J65: 1 | K65: 0 | L65: 0 | M65: 0 | N65: 0 | O65: 0 | P65: 0 | Q65: 0 | R65: 0 | S65: 0 | T65: 0 | U65: 0 | V65: 0 | W65: 0 | X65: 0 | Y65: 0 | Z65: 0 | AA65: 0 | AB65: 0 | AC65: 0 | AD65: 0 | AE65: 0 | AF65: 0 | AG65: 0 | AH65: 0 | AI65: 0 | AJ65: 0 | AK65: 0 | AL65: 0 | AM65: 0 | AN65: 0 | AO65: 0 | AP65: 0 | AQ65: 0 | AR65: 0 | AS65: 0 | AT65: 0
B66: 0 | C66: 0 | D66: 0 | E66: 0 | F66: 0 | G66: 0 | H66: 0 | I66: 0 | J66: 0 | K66: 1 | L66: 0 | M66: 0 | N66: 0 | O66: 0 | P66: 0 | Q66: 0 | R66: 0 | S66: 0 | T66: 0 | U66: 0 | V66: 0 | W66: 0 | X66: 0 | Y66: 0 | Z66: 0 | AA66: 0 | AB66: 0 | AC66: 0 | AD66: 0 | AE66: 0 | AF66: 0 | AG66: 0 | AH66: 0 | AI66: 0 | AJ66: 0 | AK66: 0 | AL66: 0 | AM66: 0 | AN66: 0 | AO66: 0 | AP66: 0 | AQ66: 0 | AR66: 0 | AS66: 0 | AT66: 0
B67: 0 | C67: 0 | D67: 0 | E67: 0 | F67: 0 | G67: 0 | H67: 0 | I67: 0 | J67: 0 | K67: 0 | L67: 1 | M67: 0 | N67: 0 | O67: 0 | P67: 0 | Q67: 0 | R67: 0 | S67: 0 | T67: 0 | U67: 0 | V67: 0 | W67: 0 | X67: 0 | Y67: 0 | Z67: 0 | AA67: 0 | AB67: 0 | AC67: 0 | AD67: 0 | AE67: 0 | AF67: 0 | AG67: 0 | AH67: 0 | AI67: 0 | AJ67: 0 | AK67: 0 | AL67: 0 | AM67: 0 | AN67: 0 | AO67: 0 | AP67: 0 | AQ67: 0 | AR67: 0 | AS67: 0 | AT67: 0
B68: 0 | C68: 0 | D68: 0 | E68: 0 | F68: 0 | G68: 0 | H68: 0 | I68: 0 | J68: 0 | K68: 0 | L68: 0 | M68: 1 | N68: 0 | O68: 0 | P68: 0 | Q68: 0 | R68: 0 | S68: 0 | T68: 0 | U68: 0 | V68: 0 | W68: 0 | X68: 0 | Y68: 0 | Z68: 0 | AA68: 0 | AB68: 0 | AC68: 0 | AD68: 0 | AE68: 0 | AF68: 0 | AG68: 0 | AH68: 0 | AI68: 0 | AJ68: 0 | AK68: 0 | AL68: 0 | AM68: 0 | AN68: 0 | AO68: 0 | AP68: 0 | AQ68: 0 | AR68: 0 | AS68: 0 | AT68: 0
... B101: 0 | C101: 0 | D101: 0 | E101: 0 | F101: 0 | G101: 0 | H101: 0 | I101: 0 | J101: 0 | K101: 0 | L101: 0 | M101: 0 | N101: 0 | O101: 0 | P101: 0 | Q101: 0 | R101: 0 | S101: 0 | T101: 0 | U101: 0 | V101: 0 | W101: 0 | X101: 0 | Y101: 0 | Z101: 0 | AA101: 0 | AB101: 0 | AC101: 0 | AD101: 0 | AE101: 0 | AF101: 0 | AG101: 0 | AH101: 0 | AI101: 0 | AJ101: 0 | AK101: 0 | AL101: 0 | AM101: 0 | AN101: 0 | AO101: 0 | AP101: 0 | AQ101: 0 | AR101: 0 | AS101: 0 | AT101: 1
B104: (I-A) MATRIX
B108: =B57-B6 -> 0.79465984 | C108: =C57-C6 -> -0.084019769 | D108: =D57-D6 -> -0.0023566379 | E108: =E57-E6 -> -0.0015155342 | F108: =F57-F6 -> -0.0010787487 | G108: =G57-G6 -> -0.28006339 | H108: =H57-H6 -> -0.0068597561 | I108: =I57-I6 -> -0.068677494 | ... AT108: =AT57-AT6 -> 0
B109: =B58-B7 -> -0.00013120777 | C109: =C58-C7 -> 0.88138386 | D109: =D58-D7 -> 0 | E109: =E58-E7 -> 0 | F109: =F58-F7 -> 0 | G109: =G58-G7 -> -0.00018522711 | H109: =H58-H7 -> 0 | I109: =I58-I7 -> 0 | ... AT109: =AT58-AT7 -> 0
B110: =B59-B8 -> -0.0028501243 | C110: =C59-C8 -> -0.0016474465 | D110: =D59-D8 -> 0.93990573 | E110: =E59-E8 -> -0.029300328 | F110: =F59-F8 -> -0.003236246 | G110: =G59-G8 -> -0.0035330356 | H110: =H59-H8 -> -0.00098637016 | I110: =I59-I8 -> -0.0013921114 | ... AT110: =AT59-AT8 -> 0
B111: =B60-B9 -> -0.0015307573 | C111: =C60-C9 -> 0 | D111: =D60-D9 -> -0.10644148 | E111: =E60-E9 -> 0.9563021 | F111: =F60-F9 -> -0.042610572 | G111: =G60-G9 -> -0.0035193151 | H111: =H60-H9 -> -0.00053802009 | I111: =I60-I9 -> -0.0010606563 | ... AT111: =AT60-AT9 -> 0
B112: =B61-B10 -> -2.9157282e-05 | C112: =C61-C10 -> 0 | D112: =D61-D10 -> -0.14925373 | E112: =E61-E10 -> -0.0015155342 | F112: =F61-F10 -> 0.95037756 | G112: =G61-G10 -> -3.4301316e-05 | H112: =H61-H10 -> 0 | I112: =I61-I10 -> -0.00013258204 | ... AT112: =AT61-AT10 -> 0
B113: =B62-B11 -> -0.069583853 | C113: =C62-C11 -> -0.047775947 | D113: =D62-D11 -> -0.0039277298 | E113: =E62-E11 -> -0.00075776711 | F113: =F62-F11 -> -0.00053937433 | G113: =G62-G11 -> 0.90576056 | H113: =H62-H11 -> -0.0022417504 | I113: =I62-I11 -> -0.0014584024 | ... AT113: =AT62-AT11 -> 0
B114: =B63-B12 -> -0.00046651651 | C114: =C63-C12 -> -0.0016474465 | D114: =D63-D12 -> -0.00078554595 | E114: =E63-E12 -> -0.00075776711 | F114: =F63-F12 -> -0.00053937433 | G114: =G63-G12 -> -0.00085753291 | H114: =H63-H12 -> 0.78985832 | I114: =I63-I12 -> -0.0011269473 | ... AT114: =AT63-AT12 -> 0
B115: =B64-B13 -> -0.0021503495 | C115: =C64-C13 -> -0.0016474465 | D115: =D64-D13 -> -0.00039277298 | E115: =E64-E13 -> -0.00050517808 | F115: =F64-F13 -> 0 | G115: =G64-G13 -> -0.0018728519 | H115: =H64-H13 -> -0.0025555954 | I115: =I64-I13 -> 0.79284057 | ... AT115: =AT64-AT13 -> 0
B116: =B65-B14 -> -0.0021722175 | C116: =C65-C14 -> -0.0016474465 | D116: =D65-D14 -> -0.00039277298 | E116: =E65-E14 -> -0.0012629452 | F116: =F65-F14 -> 0 | G116: =G65-G14 -> -0.02136972 | H116: =H65-H14 -> -0.006052726 | I116: =I65-I14 -> -0.019887305 | ... AT116: =AT65-AT14 -> 0
B117: =B66-B15 -> -0.032583262 | C117: =C66-C15 -> -0.039538715 | D117: =D66-D15 -> -0.031814611 | E117: =E66-E15 -> -0.040919424 | F117: =F66-F15 -> -0.032901834 | G117: =G66-G15 -> -0.010551085 | H117: =H66-H15 -> -0.006142396 | I117: =I66-I15 -> -0.010473981 | ... AT117: =AT66-AT15 -> 0
B118: =B67-B16 -> -0.054123204 | C118: =C67-C16 -> -0.0016474465 | D118: =D67-D16 -> -0.0047132757 | E118: =E67-E16 -> -0.013387219 | F118: =F67-F16 -> -0.01618123 | G118: =G67-G16 -> -0.026405153 | H118: =H67-H16 -> -0.026273314 | I118: =I67-I16 -> -0.030096122 | ... AT118: =AT67-AT16 -> 0
B119: =B68-B17 -> -0.0039872583 | C119: =C68-C17 -> -0.0016474465 | D119: =D68-D17 -> -0.00078554595 | E119: =E68-E17 -> -0.00075776711 | F119: =F68-F17 -> -0.0010787487 | G119: =G68-G17 -> -0.0026137603 | H119: =H68-H17 -> -0.0018382353 | I119: =I68-I17 -> -0.0014584024 | ... AT119: =AT68-AT17 -> 0
... B152: =B101-B50 -> 0 | C152: =C101-C50 -> 0 | D152: =D101-D50 -> 0 | E152: =E101-E50 -> 0 | F152: =F101-F50 -> 0 | G152: =G101-G50 -> 0 | H152: =H101-H50 -> 0 | I152: =I101-I50 -> 0 | ... AT152: =AT101-AT50 -> 1
B155: LEONTIEF MATRIX L=(I-A)^-1
B159: A01_02 | C159: A03 | D159: B05_06 | E159: B07_08 | F159: B09 | G159: C10T12 | H159: C13T15 | I159: C16 | J159: C17_18 | K159: C19 | L159: C20 | M159: C21 | N159: C22 | O159: C23 | P159: C24 | Q159: C25 | R159: C26 | S159: C27 | T159: C28 | U159: C29 | V159: C30 | W159: C31T33 | X159: D | Y159: E | Z159: F | AA159: G | AB159: H49 | AC159: H50 | AD159: H51 | AE159: H52 | AF159: H53 | AG159: I | AH159: J58T60 | AI159: J61 | AJ159: J62_63 | AK159: K | AL159: L | AM159: M | AN159: N | AO159: O | AP159: P | AQ159: Q | AR159: R | AS159: S | AT159: T
A160: TTL_A01_02 | B160: 1.3017966 | C160: 0.1528347 | D160: 0.013713604 | E160: 0.0097938286 | F160: 0.0088434623 | G160: 0.41092 | H160: 0.023233245 | I160: 0.12311665 | J160: 0.020448812 | K160: 0.014240283 | L160: 0.020058489 | M160: 0.017932001 | N160: 0.027301701 | O160: 0.015204916 | P160: 0.014667856 | Q160: 0.012816934 | R160: 0.016635823 | S160: 0.014493365 | T160: 0.013364408 | U160: 0.014762857 | V160: 0.011494673 | W160: 0.023738673 | X160: 0.025106937 | Y160: 0.01127794 | Z160: 0.014809465 | AA160: 0.026522744 | AB160: 0.01054447 | AC160: 0.018151335 | AD160: 0.01636615 | AE160: 0.010658034 | AF160: 0.0040984222 | AG160: 0.11597521 | AH160: 0.0099230922 | AI160: 0.0059296412 | AJ160: 0.0053932033 | AK160: 0.0050976652 | AL160: 0.0062966095 | AM160: 0.0091550828 | AN160: 0.014500124 | AO160: 0.0054288556 | AP160: 0.0040550249 | AQ160: 0.016959503 | AR160: 0.010271402 | AS160: 0.012759347 | AT160: 0
A161: TTL_A03 | B161: 0.00022800953 | C161: 1.1346316 | D161: 3.1820764e-05 | E161: 1.7312264e-05 | F161: 1.904128e-05 | G161: 0.00031920346 | H161: 2.1631767e-05 | I161: 3.7706551e-05 | J161: 2.3737152e-05 | K161: 3.3707978e-05 | L161: 2.5797156e-05 | M161: 2.1983552e-05 | N161: 2.5770061e-05 | O161: 2.1030367e-05 | P161: 2.1726461e-05 | Q161: 1.926655e-05 | R161: 3.7511934e-05 | S161: 2.193778e-05 | T161: 2.0751156e-05 | U161: 3.3948807e-05 | V161: 1.8648689e-05 | W161: 2.2293714e-05 | X161: 3.4777742e-05 | Y161: 1.5428611e-05 | Z161: 3.3293725e-05 | AA161: 3.9984771e-05 | AB161: 2.2493463e-05 | AC161: 3.33113e-05 | AD161: 3.996502e-05 | AE161: 4.2740708e-05 | AF161: 1.1227988e-05 | AG161: 0.0023875446 | AH161: 1.7425563e-05 | AI161: 1.3312978e-05 | AJ161: 2.0178427e-05 | AK161: 1.7842839e-05 | AL161: 1.9122709e-05 | AM161: 3.3860998e-05 | AN161: 9.5923567e-05 | AO161: 2.0708934e-05 | AP161: 1.3806638e-05 | AQ161: 5.215851e-05 | AR161: 0.00017238962 | AS161: 8.0448618e-05 | AT161: 0
A162: TTL_B05_06 | B162: 0.03755566 | C162: 0.034164419 | D162: 1.1012999 | E162: 0.067026205 | F162: 0.037198024 | G162: 0.037534188 | H162: 0.022774274 | I162: 0.034705651 | J162: 0.033145136 | K162: 0.29625576 | L162: 0.11261502 | M162: 0.029224231 | N162: 0.047819082 | O162: 0.060310681 | P162: 0.10294586 | Q162: 0.041337111 | R162: 0.028447777 | S162: 0.03650327 | T162: 0.033183599 | U162: 0.029672252 | V162: 0.031998161 | W162: 0.026231338 | X162: 0.14935688 | Y162: 0.031892346 | Z162: 0.033933305 | AA162: 0.023658523 | AB162: 0.055103604 | AC162: 0.07229866 | AD162: 0.0793271 | AE162: 0.035743726 | AF162: 0.012115819 | AG162: 0.027952166 | AH162: 0.012613469 | AI162: 0.010422714 | AJ162: 0.0095689379 | AK162: 0.0096745923 | AL162: 0.013312167 | AM162: 0.016404434 | AN162: 0.018584924 | AO162: 0.01363231 | AP162: 0.015954083 | AQ162: 0.023385275 | AR162: 0.029024465 | AS162: 0.016145859 | AT162: 0
A163: TTL_B07_08 | B163: 0.0084307641 | C163: 0.0060335715 | D163: 0.13220145 | E163: 1.0560955 | F163: 0.053731048 | G163: 0.011541529 | H163: 0.0052866619 | I163: 0.0085104719 | J163: 0.0082825922 | K163: 0.036965638 | L163: 0.018641847 | M163: 0.0057163711 | N163: 0.010695004 | O163: 0.048406365 | P163: 0.02448469 | Q163: 0.013446633 | R163: 0.0070567103 | S163: 0.009827586 | T163: 0.0096893678 | U163: 0.0083736866 | V163: 0.0075812106 | W163: 0.0070355567 | X163: 0.019730957 | Y163: 0.0075911062 | Z163: 0.018871774 | AA163: 0.0055027556 | AB163: 0.0082123144 | AC163: 0.011723476 | AD163: 0.011278505 | AE163: 0.0063993877 | AF163: 0.0019731776 | AG163: 0.0059231023 | AH163: 0.002857214 | AI163: 0.0021792262 | AJ163: 0.0024100544 | AK163: 0.0019437686 | AL163: 0.0065011635 | AM163: 0.0039656107 | AN163: 0.0038888929 | AO163: 0.002550287 | AP163: 0.0027363402 | AQ163: 0.0045681745 | AR163: 0.0054257189 | AS163: 0.0044919202 | AT163: 0
A164: TTL_B09 | B164: 0.0065160586 | C164: 0.0059244455 | D164: 0.1737539 | E164: 0.012799478 | F164: 1.0587083 | G164: 0.0064847118 | H164: 0.0039401076 | I164: 0.0061612304 | J164: 0.0056863481 | K164: 0.052628357 | L164: 0.01942186 | M164: 0.0050292445 | N164: 0.0084267202 | O164: 0.010347077 | P164: 0.017914998 | Q164: 0.0071981833 | R164: 0.0049943741 | S164: 0.0063739072 | T164: 0.0058511542 | U164: 0.0052633836 | V164: 0.0056501525 | W164: 0.0047222774 | X164: 0.024906927 | Y164: 0.0055178543 | Z164: 0.0062609395 | AA164: 0.0041151082 | AB164: 0.0096582508 | AC164: 0.012736672 | AD164: 0.013974635 | AE164: 0.0061556927 | AF164: 0.0020720894 | AG164: 0.0047796518 | AH164: 0.0021997158 | AI164: 0.0018063263 | AJ164: 0.0016840361 | AK164: 0.0016909629 | AL164: 0.0023197219 | AM164: 0.0028655474 | AN164: 0.0032430325 | AO164: 0.0023250374 | AP164: 0.0026814093 | AQ164: 0.0040078917 | AR164: 0.004946172 | AS164: 0.0027826429 | AT164: 0
A165: TTL_C10T12 | B165: 0.10429073 | C165: 0.075602756 | D165: 0.011462612 | E165: 0.0056799932 | F165: 0.0055635885 | G165: 1.1412893 | H165: 0.010066164 | I165: 0.016736958 | J165: 0.015927376 | K165: 0.012170055 | L165: 0.01437709 | M165: 0.01200887 | N165: 0.012780393 | O165: 0.008047745 | P165: 0.0081358294 | Q165: 0.0070907924 | R165: 0.0099725797 | S165: 0.00838004 | T165: 0.0072665052 | U165: 0.0080851454 | V165: 0.0064774705 | W165: 0.0088777058 | X165: 0.0097950501 | Y165: 0.0054595229 | Z165: 0.0068815946 | AA165: 0.014017227 | AB165: 0.006123048 | AC165: 0.017978875 | AD165: 0.012447545 | AE165: 0.0048234641 | AF165: 0.0029849871 | AG165: 0.24275344 | AH165: 0.0055201436 | AI165: 0.0033541445 | AJ165: 0.0041866299 | AK165: 0.0040442752 | AL165: 0.0040815959 | AM165: 0.0068692891 | AN165: 0.017609423 | AO165: 0.0053242391 | AP165: 0.0031588135 | AQ165: 0.023312969 | AR165: 0.0092913379 | AS165: 0.011207525 | AT165: 0
A166: TTL_C13T15 | B166: 0.0023750832 | C166: 0.0040381089 | D166: 0.0029009328 | E166: 0.002623808 | F166: 0.002364741 | G166: 0.0037324878 | H166: 1.269234 | I166: 0.0045460964 | J166: 0.0075644671 | K166: 0.0022045134 | L166: 0.0036455817 | M166: 0.0030448879 | N166: 0.016270069 | O166: 0.0040810651 | P166: 0.0034837681 | Q166: 0.0033412499 | R166: 0.0061498051 | S166: 0.005339485 | T166: 0.0059182972 | U166: 0.011333054 | V166: 0.0038451467 | W166: 0.029910115 | X166: 0.0024543064 | Y166: 0.0033642698 | Z166: 0.0037748943 | AA166: 0.003208977 | AB166: 0.002464578 | AC166: 0.0032537954 | AD166: 0.002892944 | AE166: 0.0023069868 | AF166: 0.0021411441 | AG166: 0.0033712058 | AH166: 0.0021307835 | AI166: 0.0014458103 | AJ166: 0.0014789073 | AK166: 0.0013004487 | AL166: 0.0013663372 | AM166: 0.0016759127 | AN166: 0.0028634242 | AO166: 0.0014900426 | AP166: 0.00092501452 | AQ166: 0.0044730677 | AR166: 0.0038914565 | AS166: 0.0081501717 | AT166: 0
A167: TTL_C16 | B167: 0.0066776414 | C167: 0.0059434054 | D167: 0.0039361058 | E167: 0.0042934935 | F167: 0.0034457203 | G167: 0.0079063223 | H167: 0.01002722 | I167: 1.2664266 | J167: 0.008353501 | K167: 0.0038843781 | L167: 0.0087989595 | M167: 0.0039283926 | N167: 0.010657772 | O167: 0.015659236 | P167: 0.0082076784 | Q167: 0.011949502 | R167: 0.0087884742 | S167: 0.0093569357 | T167: 0.010397121 | U167: 0.0098904722 | V167: 0.0096080768 | W167: 0.070826961 | X167: 0.0072215009 | Y167: 0.004644098 | Z167: 0.032703012 | AA167: 0.0063951465 | AB167: 0.0051111944 | AC167: 0.0072889804 | AD167: 0.0052393621 | AE167: 0.0050051553 | AF167: 0.0016003978 | AG167: 0.0050744071 | AH167: 0.0028645272 | AI167: 0.0027329963 | AJ167: 0.0020356169 | AK167: 0.0019677549 | AL167: 0.007716801 | AM167: 0.004427398 | AN167: 0.0041238359 | AO167: 0.0020677849 | AP167: 0.0015207245 | AQ167: 0.0041132371 | AR167: 0.0034559986 | AS167: 0.004169147 | AT167: 0
A168: TTL_C17_18 | B168: 0.017290789 | C168: 0.015379243 | D168: 0.010619287 | E168: 0.010740159 | F168: 0.0090361837 | G168: 0.050827835 | H168: 0.024644278 | I168: 0.049900333 | J168: 1.4765184 | K168: 0.010845047 | L168: 0.028420376 | M168: 0.023333774 | N168: 0.036471434 | O168: 0.02185414 | P168: 0.013818379 | Q168: 0.015477596 | R168: 0.028969578 | S168: 0.030256407 | T168: 0.017675553 | U168: 0.019354589 | V168: 0.013972421 | W168: 0.029319313 | X168: 0.012571617 | Y168: 0.010250648 | Z168: 0.01429085 | AA168: 0.03145106 | AB168: 0.011543757 | AC168: 0.015641653 | AD168: 0.01460558 | AE168: 0.011912337 | AF168: 0.014929836 | AG168: 0.022061053 | AH168: 0.1711194 | AI168: 0.011874314 | AJ168: 0.012567829 | AK168: 0.023767928 | AL168: 0.012992362 | AM168: 0.01767109 | AN168: 0.019624384 | AO168: 0.012866423 | AP168: 0.010100688 | AQ168: 0.010425576 | AR168: 0.018464379 | AS168: 0.017678913 | AT168: 0
A169: TTL_C19 | B169: 0.085625994 | C169: 0.082407433 | D169: 0.087158758 | E169: 0.086227612 | F169: 0.076361297 | G169: 0.070570218 | H169: 0.044018564 | I169: 0.061921271 | J169: 0.048412611 | K169: 1.1519916 | L169: 0.24779246 | M169: 0.052241071 | N169: 0.099196626 | O169: 0.086408476 | P169: 0.10926875 | Q169: 0.055482521 | R169: 0.052733788 | S169: 0.059128375 | T169: 0.050208621 | U169: 0.048403462 | V169: 0.042764164 | W169: 0.04711883 | X169: 0.074722677 | Y169: 0.052317435 | Z169: 0.064022177 | AA169: 0.046460787 | AB169: 0.15868236 | AC169: 0.23716342 | AD169: 0.26343891 | AE169: 0.061402156 | AF169: 0.023762405 | AG169: 0.038918077 | AH169: 0.020271908 | AI169: 0.015334871 | AJ169: 0.016823349 | AK169: 0.017715531 | AL169: 0.021221138 | AM169: 0.025479638 | AN169: 0.035556577 | AO169: 0.017232622 | AP169: 0.014728421 | AQ169: 0.030335912 | AR169: 0.032068851 | AS169: 0.025963334 | AT169: 0
A170: TTL_C20 | B170: 0.1036472 | C170: 0.03018697 | D170: 0.028370984 | E170: 0.034019544 | F170: 0.038020512 | G170: 0.086730358 | H170: 0.067094293 | I170: 0.082378894 | J170: 0.061296615 | K170: 0.0630786 | L170: 1.2327072 | M170: 0.12076416 | N170: 0.28081365 | O170: 0.088559623 | P170: 0.038458475 | Q170: 0.037094572 | R170: 0.063761887 | S170: 0.0831358 | T170: 0.041172189 | U170: 0.05062281 | V170: 0.033408597 | W170: 0.05790078 | X170: 0.027500319 | Y170: 0.030209366 | Z170: 0.045178789 | AA170: 0.025377515 | AB170: 0.024553397 | AC170: 0.037127687 | AD170: 0.03042965 | AE170: 0.017941375 | AF170: 0.0092867326 | AG170: 0.035256477 | AH170: 0.017521503 | AI170: 0.0088964125 | AJ170: 0.0098620619 | AK170: 0.0097372359 | AL170: 0.01478624 | AM170: 0.017722577 | AN170: 0.021573585 | AO170: 0.0082745806 | AP170: 0.0089774074 | AQ170: 0.040293005 | AR170: 0.023826421 | AS170: 0.023413856 | AT170: 0
A171: TTL_C21 | B171: 0.0075540005 | C171: 0.0042027972 | D171: 0.0026851303 | E171: 0.002314952 | F171: 0.0028707527 | G171: 0.0070272942 | H171: 0.0045641406 | I171: 0.0047927739 | J171: 0.0037827448 | K171: 0.0034563315 | L171: 0.010521536 | M171: 1.0715965 | N171: 0.011996188 | O171: 0.0045576128 | P171: 0.0046473189 | Q171: 0.0031294973 | R171: 0.005181065 | S171: 0.0051383241 | T171: 0.0033903228 | U171: 0.0043718798 | V171: 0.0027219929 | W171: 0.0039636993 | X171: 0.0022431919 | Y171: 0.0022323608 | Z171: 0.0030888701 | AA171: 0.0024030579 | AB171: 0.0021297234 | AC171: 0.0038720214 | AD171: 0.0031526181 | AE171: 0.0015513236 | AF171: 0.0008882749 | AG171: 0.0033405366 | AH171: 0.0017209837 | AI171: 0.0010771883 | AJ171: 0.0014161368 | AK171: 0.0011212673 | AL171: 0.0012305758 | AM171: 0.0023626045 | AN171: 0.0020593413 | AO171: 0.00092814648 | AP171: 0.00084706603 | AQ171: 0.050026862 | AR171: 0.0027384562 | AS171: 0.0023373912 | AT171: 0
... A204: TTL_T | B204: 0 | C204: 0 | D204: 0 | E204: 0 | F204: 0 | G204: 0 | H204: 0 | I204: 0 | J204: 0 | K204: 0 | L204: 0 | M204: 0 | N204: 0 | O204: 0 | P204: 0 | Q204: 0 | R204: 0 | S204: 0 | T204: 0 | U204: 0 | V204: 0 | W204: 0 | X204: 0 | Y204: 0 | Z204: 0 | AA204: 0 | AB204: 0 | AC204: 0 | AD204: 0 | AE204: 0 | AF204: 0 | AG204: 0 | AH204: 0 | AI204: 0 | AJ204: 0 | AK204: 0 | AL204: 0 | AM204: 0 | AN204: 0 | AO204: 0 | AP204: 0 | AQ204: 0 | AR204: 0 | AS204: 0 | AT204: 1
A205: OUTPUT MULTIPLIERS
B206: =SUM(B160:B204) -> 2.3878826 | C206: =SUM(C160:C204) -> 2.3630274 | D206: =SUM(D160:D204) -> 2.5199644 | E206: =SUM(E160:E204) -> 2.1754195 | F206: =SUM(F160:F204) -> 2.2292837 | G206: =SUM(G160:G204) -> 2.8554222 | H206: =SUM(H160:H204) -> 2.4316238 | I206: =SUM(I160:I204) -> 2.6943507 | ... AT206: =SUM(AT160:AT204) -> 1

Sheet HUNGARY2009ttl
B1: A01_02 | C1: A03 | D1: B05_06 | E1: B07_08 | F1: B09 | G1: C10T12 | H1: C13T15 | I1: C16 | J1: C17_18 | K1: C19 | L1: C20 | M1: C21 | N1: C22 | O1: C23 | P1: C24 | Q1: C25 | R1: C26 | S1: C27 | T1: C28 | U1: C29 | V1: C30 | W1: C31T33 | X1: D | Y1: E | Z1: F | AA1: G | AB1: H49 | AC1: H50 | AD1: H51 | AE1: H52 | AF1: H53 | AG1: I | AH1: J58T60 | AI1: J61 | AJ1: J62_63 | AK1: K | AL1: L | AM1: M | AN1: N | AO1: O | AP1: P | AQ1: Q | AR1: R | AS1: S | AT1: T | AU1: HFCE | AV1: NPISH | AW1: GGFC | AX1: GFCF | AY1: INVNT | AZ1: DPABR | BA1: CONS_NONRES | BB1: EXPO | BC1: IMPO | BD1: Final Demand (F) | BE1: Output (X)
A2: TTL_A01_02 | B2: 2256 | C2: 3.8 | D2: 0.1 | E2: 0.5 | F2: 0.3 | G2: 3028.9 | H2: 10.7 | I2: 74.7 | J2: 9.7 | K2: 12.2 | L2: 13.3 | M2: 21.3 | N2: 33.7 | O2: 7.1 | P2: 4.5 | Q2: 7.1 | R2: 15.8 | S2: 5.5 | T2: 12.5 | U2: 21.8 | V2: 0.7 | W2: 15.1 | X2: 85.2 | Y2: 8.8 | Z2: 37 | AA2: 324.9 | AB2: 13.5 | AC2: 0.5 | AD2: 3.4 | AE2: 13.8 | AF2: 0.5 | AG2: 95.3 | AH2: 8.1 | AI2: 5.5 | AJ2: 2.6 | AK2: 6.1 | AL2: 16.1 | AM2: 20.4 | AN2: 19.9 | AO2: 11.7 | AP2: 4.7 | AQ2: 25 | AR2: 4.6 | AS2: 13.4 | AT2: 0 | AU2: 1934.6 | AV2: 0.3 | AW2: 20.5 | AX2: 377.1 | AY2: -1.5 | AZ2: 15.4 | BA2: 66.3 | BB2: 2606.1 | BC2: -744.9 | BD2: =SUM(AU2:BC2) -> 4273.9 | BE2: =SUM(B2:BC2) -> 10550.2 | BI2: Bottom 5 industries
A3: TTL_A03 | B3: 1.4 | C3: 5.3 | D3: 0 | E3: 0 | F3: 0 | G3: 2.3 | H3: 0 | I3: 0 | J3: 0 | K3: 0.1 | L3: 0 | M3: 0 | N3: 0 | O3: 0 | P3: 0 | Q3: 0 | R3: 0.1 | S3: 0 | T3: 0 | U3: 0.1 | V3: 0 | W3: 0 | X3: 0 | Y3: 0 | Z3: 0.1 | AA3: 0.3 | AB3: 0 | AC3: 0 | AD3: 0 | AE3: 0 | AF3: 0 | AG3: 10.2 | AH3: 0 | AI3: 0 | AJ3: 0 | AK3: 0 | AL3: 0 | AM3: 0 | AN3: 0.1 | AO3: 0 | AP3: 0 | AQ3: 0.1 | AR3: 0.3 | AS3: 0 | AT3: 0 | AU3: 23 | AV3: 0.4 | AW3: 0.7 | AX3: 1.1 | AY3: 0 | AZ3: 0.8 | BA3: 4 | BB3: 2.9 | BC3: -6 | BD3: =SUM(AU3:BC3) -> 26.9 | BE3: =SUM(B3:BC3) -> 47.3
A4: TTL_B05_06 | B4: 34.5 | C4: 0.1 | D4: 2.2 | E4: 7.5 | F4: 0.8 | G4: 44 | H4: 1.8 | I4: 1.8 | J4: 10 | K4: 1695.7 | L4: 108.8 | M4: 11.7 | N4: 3 | O4: 49.8 | P4: 101.8 | Q4: 3.6 | R4: 3.1 | S4: 2 | T4: 4.8 | U4: 7.6 | V4: 2.1 | W4: 1 | X4: 820.2 | Y4: 12.2 | Z4: 46.9 | AA4: 62.4 | AB4: 30.9 | AC4: 0.2 | AD4: 0.8 | AE4: 50.8 | AF4: 2.2 | AG4: 29.5 | AH4: 2.1 | AI4: 4.2 | AJ4: 1.2 | AK4: 4.7 | AL4: 27.5 | AM4: 29.3 | AN4: 14.1 | AO4: 45 | AP4: 48.9 | AQ4: 63.2 | AR4: 27.5 | AS4: 10 | AT4: 0 | AU4: 582.8 | AV4: 0 | AW4: 1.1 | AX4: 29.2 | AY4: -0.5 | AZ4: 0.5 | BA4: 0.4 | BB4: 17.1 | BC4: -3955.7 | BD4: =SUM(AU4:BC4) -> -3325.1 | BE4: =SUM(B4:BC4) -> 106.4 | BI4: Top 5 industries
A5: TTL_B07_08 | B5: 14.3 | C5: 0 | D5: 4.4 | E5: 11.7 | F5: 8.6 | G5: 51.3 | H5: 0.8 | I5: 1.2 | J5: 3.8 | K5: 0.6 | L5: 10.9 | M5: 1.9 | N5: 5.5 | O5: 93.3 | P5: 20.4 | Q5: 18.7 | R5: 4.2 | S5: 5.2 | T5: 7.5 | U5: 10 | V5: 0.4 | W5: 2.6 | X5: 1.6 | Y5: 4.8 | Z5: 123.7 | AA5: 26.9 | AB5: 0.8 | AC5: 0.1 | AD5: 0 | AE5: 1.7 | AF5: 0 | AG5: 0.3 | AH5: 0.4 | AI5: 0.2 | AJ5: 1.2 | AK5: 0.2 | AL5: 22.7 | AM5: 8.3 | AN5: 2.6 | AO5: 1.5 | AP5: 1.7 | AQ5: 5.7 | AR5: 2 | AS5: 4.8 | AT5: 0 | AU5: 58.2 | AV5: 0 | AW5: 1.9 | AX5: 28.8 | AY5: 0.7 | AZ5: 0.2 | BA5: 0.7 | BB5: 15.8 | BC5: -270.7 | BD5: =SUM(AU5:BC5) -> -164.4 | BE5: =SUM(B5:BC5) -> 324.1
A6: TTL_B09 | B6: 0.5 | C6: 0 | D6: 13.7 | E6: 0.4 | F6: 12.3 | G6: 0.6 | H6: 0 | I6: 0.3 | J6: 0.1 | K6: 73.6 | L6: 1.1 | M6: 0.2 | N6: 1.2 | O6: 0.6 | P6: 3.4 | Q6: 0.1 | R6: 0.5 | S6: 0.2 | T6: 0.7 | U6: 2.1 | V6: 0.1 | W6: 1.1 | X6: 9.1 | Y6: 0.4 | Z6: 12.3 | AA6: 1.5 | AB6: 0.4 | AC6: 0 | AD6: 0 | AE6: 0.6 | AF6: 0 | AG6: 0.3 | AH6: 0.1 | AI6: 0.1 | AJ6: 0.1 | AK6: 0.2 | AL6: 0.6 | AM6: 1.3 | AN6: 0.5 | AO6: 0.5 | AP6: 0.4 | AQ6: 1.2 | AR6: 0.4 | AS6: 0.2 | AT6: 0 | AU6: 4.6 | AV6: 0 | AW6: 0.1 | AX6: 70 | AY6: -1.6 | AZ6: 0.1 | BA6: 0.1 | BB6: 60.2 | BC6: -19.9 | BD6: =SUM(AU6:BC6) -> 113.6 | BE6: =SUM(B6:BC6) -> 256.6
A7: TTL_C10T12 | B7: 860.1 | C7: 2.4 | D7: 0.1 | E7: 0.3 | F7: 0.3 | G7: 1322.4 | H7: 3.8 | I7: 1.8 | J7: 15.6 | K7: 30.7 | L7: 22 | M7: 18.1 | N7: 14.2 | O7: 4.4 | P7: 3.1 | Q7: 5.2 | R7: 15.3 | S7: 5.8 | T7: 6.8 | U7: 13.4 | V7: 0.5 | W7: 4.9 | X7: 21 | Y7: 7.3 | Z7: 16.1 | AA7: 193.2 | AB7: 5.3 | AC7: 1.5 | AD7: 5.3 | AE7: 1.9 | AF7: 0.6 | AG7: 1151.9 | AH7: 1.8 | AI7: 1.6 | AJ7: 1.9 | AK7: 4.4 | AL7: 12.4 | AM7: 25.4 | AN7: 40.8 | AO7: 27.4 | AP7: 5.3 | AQ7: 128.1 | AR7: 10.6 | AS7: 13.4 | AT7: 0 | AU7: 7740.7 | AV7: 6.5 | AW7: 11.5 | AX7: 25.4 | AY7: 0.8 | AZ7: 59.6 | BA7: 190.7 | BB7: 2597.7 | BC7: -2354.2 | BD7: =SUM(AU7:BC7) -> 8278.7 | BE7: =SUM(B7:BC7) -> 12307.1
A8: TTL_C13T15 | B8: 4.9 | C8: 0 | D8: 0.1 | E8: 0.2 | F8: 0.1 | G8: 9.7 | H8: 320.4 | I8: 1.1 | J8: 7.8 | K8: 1.4 | L8: 3.3 | M8: 3.3 | N8: 36.4 | O8: 3.7 | P8: 1.9 | Q8: 3.2 | R8: 21.5 | S8: 6.9 | T8: 11.4 | U8: 76.8 | V8: 0.6 | W8: 50.3 | X8: 2.7 | Y8: 3.5 | Z8: 15.4 | AA8: 30.7 | AB8: 3.5 | AC8: 0.1 | AD8: 0.4 | AE8: 1.9 | AF8: 1.1 | AG8: 5.4 | AH8: 0.9 | AI8: 1.5 | AJ8: 1.2 | AK8: 1.5 | AL8: 3.3 | AM8: 4.8 | AN8: 6.4 | AO8: 8.4 | AP8: 1.9 | AQ8: 15.2 | AR8: 8.8 | AS8: 22.9 | AT8: 0 | AU8: 843 | AV8: 0 | AW8: 4.8 | AX8: 18.5 | AY8: -5.3 | AZ8: 27.5 | BA8: 66.2 | BB8: 744 | BC8: -796.3 | BD8: =SUM(AU8:BC8) -> 902.4 | BE8: =SUM(B8:BC8) -> 1608.9
A9: TTL_C16 | B9: 21.5 | C9: 0 | D9: 0 | E9: 0.1 | F9: 0.1 | G9: 19.5 | H9: 3.7 | I9: 197 | J9: 5.8 | K9: 1.5 | L9: 12 | M9: 1.6 | N9: 14 | O9: 20.7 | P9: 5.5 | Q9: 19.9 | R9: 14.6 | S9: 14.1 | T9: 15.4 | U9: 23.6 | V9: 1.6 | W9: 108.6 | X9: 14.7 | Y9: 2.3 | Z9: 286.4 | AA9: 58.5 | AB9: 8.1 | AC9: 0.3 | AD9: 0.5 | AE9: 1.6 | AF9: 0.2 | AG9: 2.9 | AH9: 0.6 | AI9: 2 | AJ9: 0.3 | AK9: 0.8 | AL9: 65.4 | AM9: 14.6 | AN9: 8.3 | AO9: 2.5 | AP9: 0.6 | AQ9: 2.9 | AR9: 1.2 | AS9: 4.7 | AT9: 0 | AU9: 40.5 | AV9: 0 | AW9: 2.3 | AX9: 31.8 | AY9: -6 | AZ9: 3.1 | BA9: 6.4 | BB9: 408.2 | BC9: -443.3 | BD9: =SUM(AU9:BC9) -> 43 | BE9: =SUM(B9:BC9) -> 1023.2
A10: TTL_C17_18 | B10: 23.3 | C10: 0.1 | D10: 0 | E10: 0.4 | F10: 0.1 | G10: 244.6 | H10: 9.7 | I10: 22.1 | J10: 809.3 | K10: 2.6 | L10: 40.1 | M10: 25.1 | N10: 47.6 | O10: 18 | P10: 3.9 | Q10: 11.9 | R10: 59.5 | S10: 40.1 | T10: 15.9 | U10: 23.8 | V10: 1.1 | W10: 24.4 | X10: 13 | Y10: 3.6 | Z10: 15.4 | AA10: 349 | AB10: 11.2 | AC10: 0.1 | AD10: 0.9 | AE10: 11 | AF10: 6.4 | AG10: 11.5 | AH10: 266.8 | AI10: 6.1 | AJ10: 12 | AK10: 83.1 | AL10: 58 | AM10: 56.8 | AN10: 38.9 | AO10: 74.9 | AP10: 24.5 | AQ10: 13.7 | AR10: 11.6 | AS10: 15 | AT10: 0 | AU10: 336.8 | AV10: 0 | AW10: 4.2 | AX10: 19.4 | AY10: -0.8 | AZ10: 7.7 | BA10: 17.2 | BB10: 752.9 | BC10: -1114.5 | BD10: =SUM(AU10:BC10) -> 22.9 | BE10: =SUM(B10:BC10) -> 2530
A11: TTL_C19 | B11: 251.5 | C11: 1.4 | D11: 2.4 | E11: 10.6 | F11: 7.9 | G11: 106.8 | H11: 8.5 | I11: 9.8 | J11: 16.2 | K11: 521.2 | L11: 525.6 | M11: 31.4 | N11: 56.3 | O11: 68 | P11: 122.4 | Q11: 20 | R11: 45.2 | S11: 22.8 | T11: 29.9 | U11: 41.9 | V11: 2.4 | W11: 16.2 | X11: 185 | Y11: 50.3 | Z11: 262 | AA11: 359.6 | AB11: 731.4 | AC11: 26.7 | AD11: 118.7 | AE11: 111.4 | AF11: 8.2 | AG11: 25.9 | AH11: 5.9 | AI11: 9.1 | AJ11: 9.4 | AK11: 35.6 | AL11: 56.9 | AM11: 63.8 | AN11: 51.4 | AO11: 66.5 | AP11: 30.6 | AQ11: 57.9 | AR11: 23.3 | AS11: 24.3 | AT11: 0 | AU11: 1957.9 | AV11: 0 | AW11: 13.4 | AX11: 70.7 | AY11: 2.1 | AZ11: 20.9 | BA11: 68.1 | BB11: 1118 | BC11: -1423.8 | BD11: =SUM(AU11:BC11) -> 1827.3 | BE11: =SUM(B11:BC11) -> 6059.6
A12: TTL_C20 | B12: 524.4 | C12: 0.1 | D12: 0.5 | E12: 4.2 | F12: 4.8 | G12: 288.4 | H12: 42.5 | I12: 30.5 | J12: 51.9 | K12: 215.9 | L12: 654.7 | M12: 251.2 | N12: 713.4 | O12: 123.4 | P12: 23.1 | Q12: 41.7 | R12: 121.5 | S12: 163.9 | T12: 47.2 | U12: 110.6 | V12: 3.9 | W12: 44.6 | X12: 47.5 | Y12: 25.4 | Z12: 155 | AA12: 162.7 | AB12: 26.8 | AC12: 1.3 | AD12: 2.6 | AE12: 10.5 | AF12: 2.2 | AG12: 24.4 | AH12: 7.6 | AI12: 1.9 | AJ12: 4.1 | AK12: 10.5 | AL12: 54.5 | AM12: 57.8 | AN12: 48.4 | AO12: 17.9 | AP12: 22.1 | AQ12: 145.5 | AR12: 26 | AS12: 31.8 | AT12: 0 | AU12: 554.6 | AV12: 0 | AW12: 16.4 | AX12: 31.2 | AY12: -3.5 | AZ12: 7.9 | BA12: 13 | BB12: 2137.1 | BC12: -3367.2 | BD12: =SUM(AU12:BC12) -> -610.5 | BE12: =SUM(B12:BC12) -> 3738.4
A13: TTL_C21 | B13: 47.3 | C13: 0.1 | D13: 0.1 | E13: 0.3 | F13: 0.3 | G13: 33.9 | H13: 3.3 | I13: 1.8 | J13: 3.7 | K13: 11 | L13: 31.1 | M13: 233.8 | N13: 31.8 | O13: 6.3 | P13: 5.2 | Q13: 3.7 | R13: 22 | S13: 10.1 | T13: 8.4 | U13: 27.4 | V13: 0.4 | W13: 3.9 | X13: 5.2 | Y13: 2.1 | Z13: 13.9 | AA13: 24 | AB13: 4 | AC13: 0.3 | AD13: 1.6 | AE13: 1.7 | AF13: 0.3 | AG13: 4.2 | AH13: 1.6 | AI13: 1.3 | AJ13: 3.4 | AK13: 2.8 | AL13: 5.4 | AM13: 15.1 | AN13: 6.4 | AO13: 5.4 | AP13: 2.9 | AQ13: 359.9 | AR13: 4.5 | AS13: 4.2 | AT13: 0 | AU13: 711.9 | AV13: 1.2 | AW13: 1122.1 | AX13: 58.3 | AY13: -11 | AZ13: 4.8 | BA13: 12.2 | BB13: 1975.6 | BC13: -1505.5 | BD13: =SUM(AU13:BC13) -> 2369.6 | BE13: =SUM(B13:BC13) -> 3325.7
A14: TTL_C22 | B14: 45.8 | C14: 0.2 | D14: 0.2 | E14: 0.7 | F14: 0.9 | G14: 211.8 | H14: 51.7 | I14: 32.3 | J14: 50 | K14: 5.6 | L14: 71.7 | M14: 38.1 | N14: 454 | O14: 29.8 | P14: 6.3 | Q14: 42.3 | R14: 438.9 | S14: 219 | T14: 77.1 | U14: 431.1 | V14: 5.5 | W14: 104.4 | X14: 14.4 | Y14: 33 | Z14: 336.6 | AA14: 98.6 | AB14: 52.8 | AC14: 0.3 | AD14: 0.6 | AE14: 13.7 | AF14: 1.4 | AG14: 8.2 | AH14: 3.6 | AI14: 2.7 | AJ14: 1.2 | AK14: 16.4 | AL14: 47.4 | AM14: 29 | AN14: 18.8 | AO14: 22.4 | AP14: 2.3 | AQ14: 41.5 | AR14: 3.9 | AS14: 4 | AT14: 0 | AU14: 278.4 | AV14: 0 | AW14: 8.5 | AX14: 70.5 | AY14: -24.3 | AZ14: 1 | BA14: 9.4 | BB14: 2693.4 | BC14: -2005.7 | BD14: =SUM(AU14:BC14) -> 1031.2 | BE14: =SUM(B14:BC14) -> 4101.4
A15: TTL_C23 | B15: 22.4 | C15: 0.1 | D15: 0.1 | E15: 7.8 | F15: 2.9 | G15: 73 | H15: 4 | I15: 7.5 | J15: 2.4 | K15: 3.6 | L15: 10.5 | M15: 12.8 | N15: 17.3 | O15: 299.4 | P15: 9.1 | Q15: 10.3 | R15: 41.6 | S15: 32.1 | T15: 22.2 | U15: 114.7 | V15: 1.6 | W15: 11 | X15: 20.1 | Y15: 8.8 | Z15: 1171 | AA15: 69.1 | AB15: 5.5 | AC15: 1 | AD15: 0.9 | AE15: 7.4 | AF15: 0.2 | AG15: 5.8 | AH15: 0.5 | AI15: 3.9 | AJ15: 0.8 | AK15: 2.1 | AL15: 207.1 | AM15: 22.6 | AN15: 8.5 | AO15: 2.7 | AP15: 1.1 | AQ15: 13.3 | AR15: 1 | AS15: 1.7 | AT15: 0 | AU15: 108.2 | AV15: 0 | AW15: 5.2 | AX15: 74.7 | AY15: -7.6 | AZ15: 0.8 | BA15: 1.8 | BB15: 955.6 | BC15: -747.8 | BD15: =SUM(AU15:BC15) -> 390.9 | BE15: =SUM(B15:BC15) -> 2652.4
A16: TTL_C24 | B16: 16.9 | C16: 0.1 | D16: 0.4 | E16: 1.3 | F16: 4.6 | G16: 27.9 | H16: 2 | I16: 30.1 | J16: 5.3 | K16: 17.1 | L16: 24.2 | M16: 13.2 | N16: 45.8 | O16: 52.1 | P16: 663 | Q16: 617.6 | R16: 53.2 | S16: 555.6 | T16: 406.3 | U16: 310.2 | V16: 32.9 | W16: 85.8 | X16: 22.4 | Y16: 20.4 | Z16: 336.9 | AA16: 90.3 | AB16: 61.9 | AC16: 0.5 | AD16: 0.1 | AE16: 8.2 | AF16: 0 | AG16: 0.5 | AH16: 0.1 | AI16: 0.3 | AJ16: 0.8 | AK16: 0.2 | AL16: 44.9 | AM16: 80.2 | AN16: 75.2 | AO16: 0.1 | AP16: 0.2 | AQ16: 2 | AR16: 0.3 | AS16: 5.9 | AT16: 0 | AU16: 1.7 | AV16: 0 | AW16: 0.1 | AX16: 2.9 | AY16: -0.2 | AZ16: 0.1 | BA16: 0 | BB16: 1275.3 | BC16: -2699.1 | BD16: =SUM(AU16:BC16) -> -1419.2 | BE16: =SUM(B16:BC16) -> 2297.8
... A46: TTL_T | B46: 0 | C46: 0 | D46: 0 | E46: 0 | F46: 0 | G46: 0 | H46: 0 | I46: 0 | J46: 0 | K46: 0 | L46: 0 | M46: 0 | N46: 0 | O46: 0 | P46: 0 | Q46: 0 | R46: 0 | S46: 0 | T46: 0 | U46: 0 | V46: 0 | W46: 0 | X46: 0 | Y46: 0 | Z46: 0 | AA46: 0 | AB46: 0 | AC46: 0 | AD46: 0 | AE46: 0 | AF46: 0 | AG46: 0 | AH46: 0 | AI46: 0 | AJ46: 0 | AK46: 0 | AL46: 0 | AM46: 0 | AN46: 0 | AO46: 0 | AP46: 0 | AQ46: 0 | AR46: 0 | AS46: 0 | AT46: 0 | AU46: 11.4 | AV46: 0 | AW46: 0 | AX46: 0 | AY46: 0 | AZ46: 0 | BA46: 0 | BB46: 0 | BC46: 0 | BD46: =SUM(AU46:BC46) -> 11.4 | BE46: =SUM(B46:BC46) -> 11.4
A47: TXS_IMP_FNL | B47: 69.2 | C47: 0.3 | D47: 0.8 | E47: 3.6 | F47: 1.4 | G47: 71.2 | H47: 65.7 | I47: 6 | J47: 21.7 | K47: 528.7 | L47: 104.9 | M47: 22.8 | N47: 47.1 | O47: 29.7 | P47: 50.8 | Q47: 20.4 | R47: 263.5 | S47: 38.3 | T47: 29.5 | U47: 153.2 | V47: 8.8 | W47: 30.1 | X47: 254.5 | Y47: 12.2 | Z47: 84.3 | AA47: 85.9 | AB47: 84.9 | AC47: 2.7 | AD47: 11.6 | AE47: 28.4 | AF47: 2 | AG47: 34.9 | AH47: 5.5 | AI47: 5.3 | AJ47: 3.4 | AK47: 6.2 | AL47: 22.2 | AM47: 22.7 | AN47: 15.6 | AO47: 24.4 | AP47: 19.9 | AQ47: 0 | AR47: 0 | AS47: 0 | AT47: 0 | AU47: 0 | AV47: 0 | AW47: 0 | AX47: 0 | AY47: 0 | AZ47: 145 | BA47: 0 | BB47: 0 | BC47: -2439.2
A48: TXS_INT_FNL | B48: 183.4 | C48: 1.4 | D48: 0.9 | E48: 6.1 | F48: 3 | G48: 165.7 | H48: 15.8 | I48: 14.8 | J48: 39.2 | K48: 38.3 | L48: 184.1 | M48: 43.2 | N48: 51.1 | O48: 51.4 | P48: 26.1 | Q48: 38.6 | R48: 137.8 | S48: 34.9 | T48: 63.5 | U48: 136.8 | V48: 7.7 | W48: 35.8 | X48: 106.6 | Y48: 64 | Z48: 237.7 | AA48: 466.8 | AB48: 316.7 | AC48: 8.6 | AD48: 54.7 | AE48: 87.6 | AF48: 10.4 | AG48: 90.3 | AH48: 43.4 | AI48: 60 | AJ48: 42.9 | AK48: 116.9 | AL48: 134.8 | AM48: 151.3 | AN48: 82.8 | AO48: 138.7 | AP48: 58 | AQ48: 101 | AR48: 57.6 | AS48: 46.4 | AT48: 0 | AU48: 10337.6 | AV48: 20.6 | AW48: 305.9 | AX48: 1673 | AY48: 0 | AZ48: 0 | BA48: 422.7 | BB48: 2988.6 | BC48: 0
A49: TTL_INT_FNL | B49: 6530 | C49: 28.9 | D49: 48.7 | E49: 195.7 | F49: 156.4 | G49: 9390.9 | H49: 1022.9 | I49: 721.7 | J49: 1818.6 | K49: 4610.7 | L49: 3133.9 | M49: 1745.4 | N49: 2917.4 | O49: 1792.9 | P49: 1909 | Q49: 2625.6 | R49: 16975 | S49: 3188.1 | T49: 3606.3 | U49: 11951 | V49: 327.1 | W49: 1796.2 | X49: 4779 | Y49: 1394.1 | Z49: 8885.6 | AA49: 14082.1 | AB49: 4553.3 | AC49: 159.6 | AD49: 986.3 | AE49: 1969.6 | AF49: 287.6 | AG49: 3219.3 | AH49: 1816.2 | AI49: 1697.9 | AJ49: 1425.8 | AK49: 4666.6 | AL49: 4981.8 | AM49: 4318.3 | AN49: 2761.5 | AO49: 3746.3 | AP49: 1647.1 | AQ49: 3292.9 | AR49: 1443.1 | AS49: 1381.3 | AT49: 0 | AU49: 65681.6 | AV49: 1999.8 | AW49: 28850 | AX49: 29484.8 | AY49: -1081.5 | AZ49: 1954.8 | BA49: 4813.7 | BB49: 82542.6 | BC49: -82734.3
A50: VALU | B50: 4020.1 | C50: 18.9 | D50: 57.6 | E50: 128.2 | F50: 100 | G50: 2916 | H50: 586.2 | I50: 301.7 | J50: 711.4 | K50: 1449.2 | L50: 604.6 | M50: 1580.4 | N50: 1183.4 | O50: 859.3 | P50: 388.8 | Q50: 1462.4 | R50: 2016.2 | S50: 939.8 | T50: 2925.4 | U50: 3318.2 | V50: 153.9 | W50: 1240.3 | X50: 3351.9 | Y50: 1332.7 | Z50: 5433.5 | AA50: 10874 | AB50: 3305 | AC50: 15.4 | AD50: 174.6 | AE50: 2291.7 | AF50: 703 | AG50: 2181.9 | AH50: 1541.9 | AI50: 2634.6 | AJ50: 2114.5 | AK50: 5657 | AL50: 10016.1 | AM50: 6208.6 | AN50: 3713.8 | AO50: 10007.9 | AP50: 5423.1 | AQ50: 4655.3 | AR50: 1232.1 | AS50: 2084.4 | AT50: 11.4 | AU50: 0 | AV50: 0 | AW50: 0 | AX50: 0 | AY50: 0 | AZ50: 0 | BA50: 0 | BB50: 0 | BC50: 0
A51: OUTPUT | B51: 10550.1 | C51: 47.7 | D51: 106.3 | E51: 324 | F51: 256.4 | G51: 12306.9 | H51: 1609.1 | I51: 1023.3 | J51: 2530 | K51: 6059.9 | L51: 3738.5 | M51: 3325.7 | N51: 4100.8 | O51: 2652.2 | P51: 2297.8 | Q51: 4087.9 | R51: 18991.2 | S51: 4128 | T51: 6531.7 | U51: 15269.2 | V51: 481 | W51: 3036.5 | X51: 8130.9 | Y51: 2726.7 | Z51: 14319.1 | AA51: 24956.2 | AB51: 7858.3 | AC51: 174.9 | AD51: 1160.9 | AE51: 4261.2 | AF51: 990.6 | AG51: 5401.2 | AH51: 3358.1 | AI51: 4332.5 | AJ51: 3540.3 | AK51: 10323.6 | AL51: 14997.9 | AM51: 10527 | AN51: 6475.3 | AO51: 13754.2 | AP51: 7070.2 | AQ51: 8001.1 | AR51: 2689.2 | AS51: 3478.2 | AT51: 11.4 | AU51: 0 | AV51: 0 | AW51: 0 | AX51: 0 | AY51: 0 | AZ51: 0 | BA51: 0 | BB51: 0 | BC51: 0
BD53: TOTAL OUTPUT | BE53: =SUM(BE2:BE46) -> 261992.3
B54: 3X3 MATRIX | K54: % DISTRIBUTION
B58: INDUSTRIES | C58: Primary | D58: Secondary | E58: Tertiary | F58: OUTPUT | K58: INDUSTRIES | L58: HFCE | M58: NPISH | N58: GGFC | O58: GFCF | P58: INVNT | Q58: DPABR | R58: CONS_NONRES | S58: EXPO | T58: IMPO | U58: OUTPUT
B59: Primary | C59: =SUM(B2:F6) -> 2378.4 | D59: =SUM(G2:Z6) -> 6836.3 | E59: =SUM(AA2:AT6) -> 1145 | F59: =SUM(C59:E59) -> 10359.7 | K59: TOTAL | L59: =SUM(AU2:AU46) -> 55343.8 | M59: =SUM(AV2:AV46) -> 1978.9 | N59: =SUM(AW2:AW46) -> 28544.3 | O59: =SUM(AX2:AX46) -> 27811.5 | P59: =SUM(AY2:AY46) -> -1081.4 | Q59: =SUM(AZ2:AZ46) -> 1809.9 | R59: =SUM(BA2:BA46) -> 4391.1 | S59: =SUM(BB2:BB46) -> 79553.7 | T59: =SUM(BC2:BC46) -> -80295.4 | U59: 261992.3
B60: Secondary | C60: =SUM(B7:F26) -> 2445 | D60: =SUM(G7:Z26) -> 49410.9 | E60: =SUM(AA7:AT26) -> 15275.9 | F60: =SUM(C60:E60) -> 67131.8 | K60: % of OUTPUT | L60: =L59/$U$59 -> 0.21124209 | M60: =M59/$U$59 -> 0.0075532754 | N60: =N59/$U$59 -> 0.10895091 | O60: =O59/$U$59 -> 0.10615388 | P60: =P59/$U$59 -> -0.0041276022 | Q60: =Q59/$U$59 -> 0.0069082183 | R60: =R59/$U$59 -> 0.016760416 | S60: =S59/$U$59 -> 0.303649 | ... U60: =U59/$U$59 -> 1
B61: Tertiary | C61: =SUM(B27:F46) -> 1865.6 | D61: =SUM(G27:Z46) -> 25007.3 | E61: =SUM(AA27:AT46) -> 39571.5 | F61: =SUM(C61:E61) -> 66444.4
B62: INPUT | C62: =SUM(C59:C61) -> 6689 | D62: =SUM(D59:D61) -> 81254.5 | E62: =SUM(E59:E61) -> 55992.4 | F62: =SUM(F59:F61) -> 143935.9
K63: CONSUMPTION | L63: =SUM(L59:N59) -> 85867 | M63: =L63/$L$67 -> 0.32774627
K64: INVESTMENT | L64: =SUM(O59:Q59) -> 28540 | M64: =L64/$L$67 -> 0.1089345
K65: EXTERNAL DEMAND ADJUSTMENT | L65: =SUM(R59:T59) -> 3649.4 | M65: =L65/$L$67 -> 0.013929417
K66: INTERMEDIATE DEMAND | L66: =SUM(B2:AT46) -> 143935.9 | M66: =L66/$L$67 -> 0.54938981
K67: OUTPUT | L67: =SUM(L63:L66) -> 261992.3 | M67: =L67/L67 -> 1

Sheet Leontief matrix (2009)
B1: A01_02 | C1: A03 | D1: B05_06 | E1: B07_08 | F1: B09 | G1: C10T12 | H1: C13T15 | I1: C16 | J1: C17_18 | K1: C19 | L1: C20 | M1: C21 | N1: C22 | O1: C23 | P1: C24 | Q1: C25 | R1: C26 | S1: C27 | T1: C28 | U1: C29 | V1: C30 | W1: C31T33 | X1: D | Y1: E | Z1: F | AA1: G | AB1: H49 | AC1: H50 | AD1: H51 | AE1: H52 | AF1: H53 | AG1: I | AH1: J58T60 | AI1: J61 | AJ1: J62_63 | AK1: K | AL1: L | AM1: M | AN1: N | AO1: O | AP1: P | AQ1: Q | AR1: R | AS1: S | AT1: T
B2: TECHNOLOGY MATRIX (A)
B5: A01_02 | C5: A03 | D5: B05_06 | E5: B07_08 | F5: B09 | G5: C10T12 | H5: C13T15 | I5: C16 | J5: C17_18 | K5: C19 | L5: C20 | M5: C21 | N5: C22 | O5: C23 | P5: C24 | Q5: C25 | R5: C26 | S5: C27 | T5: C28 | U5: C29 | V5: C30 | W5: C31T33 | X5: D | Y5: E | Z5: F | AA5: G | AB5: H49 | AC5: H50 | AD5: H51 | AE5: H52 | AF5: H53 | AG5: I | AH5: J58T60 | AI5: J61 | AJ5: J62_63 | AK5: K | AL5: L | AM5: M | AN5: N | AO5: O | AP5: P | AQ5: Q | AR5: R | AS5: S | AT5: T
A6: TTL_A01_02 | B6: =HUNGARY2009ttl!B2/HUNGARY2009ttl!$BE$2 -> 0.21383481 | C6: =HUNGARY2009ttl!C2/HUNGARY2009ttl!$BE$3 -> 0.080338266 | D6: =HUNGARY2009ttl!D2/HUNGARY2009ttl!$BE$4 -> 0.00093984962 | E6: =HUNGARY2009ttl!E2/HUNGARY2009ttl!$BE$5 -> 0.0015427337 | F6: =HUNGARY2009ttl!F2/HUNGARY2009ttl!$BE$6 -> 0.0011691348 | G6: =HUNGARY2009ttl!G2/HUNGARY2009ttl!$BE$7 -> 0.24610997 | H6: =HUNGARY2009ttl!H2/HUNGARY2009ttl!$BE$8 -> 0.0066505066 | I6: =HUNGARY2009ttl!I2/HUNGARY2009ttl!$BE$9 -> 0.073006255 | J6: =HUNGARY2009ttl!J2/HUNGARY2009ttl!$BE$10 -> 0.0038339921 | K6: =HUNGARY2009ttl!K2/HUNGARY2009ttl!$BE$11 -> 0.0020133342 | L6: =HUNGARY2009ttl!L2/HUNGARY2009ttl!$BE$12 -> 0.0035576717 | M6: =HUNGARY2009ttl!M2/HUNGARY2009ttl!$BE$13 -> 0.0064046667 | N6: =HUNGARY2009ttl!N2/HUNGARY2009ttl!$BE$14 -> 0.0082167065 | O6: =HUNGARY2009ttl!O2/HUNGARY2009ttl!$BE$15 -> 0.002676821 | P6: =HUNGARY2009ttl!P2/HUNGARY2009ttl!$BE$16 -> 0.001958395 | Q6: =HUNGARY2009ttl!Q2/HUNGARY2009ttl!$BE$17 -> 0.0017368331 | R6: =HUNGARY2009ttl!R2/HUNGARY2009ttl!$BE$18 -> 0.0008319599 | S6: =HUNGARY2009ttl!S2/HUNGARY2009ttl!$BE$19 -> 0.0013323321 | T6: =HUNGARY2009ttl!T2/HUNGARY2009ttl!$BE$20 -> 0.0019137437 | U6: =HUNGARY2009ttl!U2/HUNGARY2009ttl!$BE$21 -> 0.0014277107 | V6: =HUNGARY2009ttl!V2/HUNGARY2009ttl!$BE$22 -> 0.0014568158 | W6: =HUNGARY2009ttl!W2/HUNGARY2009ttl!$BE$23 -> 0.0049718481 | X6: =HUNGARY2009ttl!X2/HUNGARY2009ttl!$BE$24 -> 0.010479318 | Y6: =HUNGARY2009ttl!Y2/HUNGARY2009ttl!$BE$25 -> 0.0032275811 | Z6: =HUNGARY2009ttl!Z2/HUNGARY2009ttl!$BE$26 -> 0.0025839793 | AA6: =HUNGARY2009ttl!AA2/HUNGARY2009ttl!$BE$27 -> 0.013018965 | AB6: =HUNGARY2009ttl!AB2/HUNGARY2009ttl!$BE$28 -> 0.001717907 | AC6: =HUNGARY2009ttl!AC2/HUNGARY2009ttl!$BE$29 -> 0.0028555111 | AD6: =HUNGARY2009ttl!AD2/HUNGARY2009ttl!$BE$30 -> 0.0029282577 | AE6: =HUNGARY2009ttl!AE2/HUNGARY2009ttl!$BE$31 -> 0.0032386004 | AF6: =HUNGARY2009ttl!AF2/HUNGARY2009ttl!$BE$32 -> 0.00050469365 | AG6: =HUNGARY2009ttl!AG2/HUNGARY2009ttl!$BE$33 -> 0.017644554 | AH6: =HUNGARY2009ttl!AH2/HUNGARY2009ttl!$BE$34 -> 0.0024122219 | AI6: =HUNGARY2009ttl!AI2/HUNGARY2009ttl!$BE$35 -> 0.0012695042 | AJ6: =HUNGARY2009ttl!AJ2/HUNGARY2009ttl!$BE$36 -> 0.00073440104 | AK6: =HUNGARY2009ttl!AK2/HUNGARY2009ttl!$BE$37 -> 0.00059087915 | AL6: =HUNGARY2009ttl!AL2/HUNGARY2009ttl!$BE$38 -> 0.0010734908 | AM6: =HUNGARY2009ttl!AM2/HUNGARY2009ttl!$BE$39 -> 0.001937874 | AN6: =HUNGARY2009ttl!AN2/HUNGARY2009ttl!$BE$40 -> 0.0030731692 | AO6: =HUNGARY2009ttl!AO2/HUNGARY2009ttl!$BE$41 -> 0.00085068018 | AP6: =HUNGARY2009ttl!AP2/HUNGARY2009ttl!$BE$42 -> 0.00066478076 | AQ6: =HUNGARY2009ttl!AQ2/HUNGARY2009ttl!$BE$43 -> 0.0031245313 | AR6: =HUNGARY2009ttl!AR2/HUNGARY2009ttl!$BE$44 -> 0.0017106095 | AS6: =HUNGARY2009ttl!AS2/HUNGARY2009ttl!$BE$45 -> 0.0038523459 | AT6: =HUNGARY2009ttl!AT2/HUNGARY2009ttl!$BE$46 -> 0
A7: TTL_A03 | B7: =HUNGARY2009ttl!B3/HUNGARY2009ttl!$BE$2 -> 0.00013269891 | C7: =HUNGARY2009ttl!C3/HUNGARY2009ttl!$BE$3 -> 0.11205074 | D7: =HUNGARY2009ttl!D3/HUNGARY2009ttl!$BE$4 -> 0 | E7: =HUNGARY2009ttl!E3/HUNGARY2009ttl!$BE$5 -> 0 | F7: =HUNGARY2009ttl!F3/HUNGARY2009ttl!$BE$6 -> 0 | G7: =HUNGARY2009ttl!G3/HUNGARY2009ttl!$BE$7 -> 0.00018688399 | H7: =HUNGARY2009ttl!H3/HUNGARY2009ttl!$BE$8 -> 0 | I7: =HUNGARY2009ttl!I3/HUNGARY2009ttl!$BE$9 -> 0 | J7: =HUNGARY2009ttl!J3/HUNGARY2009ttl!$BE$10 -> 0 | K7: =HUNGARY2009ttl!K3/HUNGARY2009ttl!$BE$11 -> 1.6502739e-05 | L7: =HUNGARY2009ttl!L3/HUNGARY2009ttl!$BE$12 -> 0 | M7: =HUNGARY2009ttl!M3/HUNGARY2009ttl!$BE$13 -> 0 | N7: =HUNGARY2009ttl!N3/HUNGARY2009ttl!$BE$14 -> 0 | O7: =HUNGARY2009ttl!O3/HUNGARY2009ttl!$BE$15 -> 0 | P7: =HUNGARY2009ttl!P3/HUNGARY2009ttl!$BE$16 -> 0 | Q7: =HUNGARY2009ttl!Q3/HUNGARY2009ttl!$BE$17 -> 0 | R7: =HUNGARY2009ttl!R3/HUNGARY2009ttl!$BE$18 -> 5.265569e-06 | S7: =HUNGARY2009ttl!S3/HUNGARY2009ttl!$BE$19 -> 0 | T7: =HUNGARY2009ttl!T3/HUNGARY2009ttl!$BE$20 -> 0 | U7: =HUNGARY2009ttl!U3/HUNGARY2009ttl!$BE$21 -> 6.5491316e-06 | V7: =HUNGARY2009ttl!V3/HUNGARY2009ttl!$BE$22 -> 0 | W7: =HUNGARY2009ttl!W3/HUNGARY2009ttl!$BE$23 -> 0 | X7: =HUNGARY2009ttl!X3/HUNGARY2009ttl!$BE$24 -> 0 | Y7: =HUNGARY2009ttl!Y3/HUNGARY2009ttl!$BE$25 -> 0 | Z7: =HUNGARY2009ttl!Z3/HUNGARY2009ttl!$BE$26 -> 6.9837279e-06 | AA7: =HUNGARY2009ttl!AA3/HUNGARY2009ttl!$BE$27 -> 1.2021205e-05 | AB7: =HUNGARY2009ttl!AB3/HUNGARY2009ttl!$BE$28 -> 0 | AC7: =HUNGARY2009ttl!AC3/HUNGARY2009ttl!$BE$29 -> 0 | AD7: =HUNGARY2009ttl!AD3/HUNGARY2009ttl!$BE$30 -> 0 | AE7: =HUNGARY2009ttl!AE3/HUNGARY2009ttl!$BE$31 -> 0 | AF7: =HUNGARY2009ttl!AF3/HUNGARY2009ttl!$BE$32 -> 0 | AG7: =HUNGARY2009ttl!AG3/HUNGARY2009ttl!$BE$33 -> 0.0018885042 | AH7: =HUNGARY2009ttl!AH3/HUNGARY2009ttl!$BE$34 -> 0 | AI7: =HUNGARY2009ttl!AI3/HUNGARY2009ttl!$BE$35 -> 0 | AJ7: =HUNGARY2009ttl!AJ3/HUNGARY2009ttl!$BE$36 -> 0 | AK7: =HUNGARY2009ttl!AK3/HUNGARY2009ttl!$BE$37 -> 0 | AL7: =HUNGARY2009ttl!AL3/HUNGARY2009ttl!$BE$38 -> 0 | AM7: =HUNGARY2009ttl!AM3/HUNGARY2009ttl!$BE$39 -> 0 | AN7: =HUNGARY2009ttl!AN3/HUNGARY2009ttl!$BE$40 -> 1.5443061e-05 | AO7: =HUNGARY2009ttl!AO3/HUNGARY2009ttl!$BE$41 -> 0 | AP7: =HUNGARY2009ttl!AP3/HUNGARY2009ttl!$BE$42 -> 0 | AQ7: =HUNGARY2009ttl!AQ3/HUNGARY2009ttl!$BE$43 -> 1.2498125e-05 | AR7: =HUNGARY2009ttl!AR3/HUNGARY2009ttl!$BE$44 -> 0.00011156149 | AS7: =HUNGARY2009ttl!AS3/HUNGARY2009ttl!$BE$45 -> 0 | AT7: =HUNGARY2009ttl!AT3/HUNGARY2009ttl!$BE$46 -> 0
A8: TTL_B05_06 | B8: =HUNGARY2009ttl!B4/HUNGARY2009ttl!$BE$2 -> 0.0032700802 | C8: =HUNGARY2009ttl!C4/HUNGARY2009ttl!$BE$3 -> 0.0021141649 | D8: =HUNGARY2009ttl!D4/HUNGARY2009ttl!$BE$4 -> 0.020676692 | E8: =HUNGARY2009ttl!E4/HUNGARY2009ttl!$BE$5 -> 0.023141006 | F8: =HUNGARY2009ttl!F4/HUNGARY2009ttl!$BE$6 -> 0.0031176929 | G8: =HUNGARY2009ttl!G4/HUNGARY2009ttl!$BE$7 -> 0.0035751721 | H8: =HUNGARY2009ttl!H4/HUNGARY2009ttl!$BE$8 -> 0.0011187768 | I8: =HUNGARY2009ttl!I4/HUNGARY2009ttl!$BE$9 -> 0.0017591869 | J8: =HUNGARY2009ttl!J4/HUNGARY2009ttl!$BE$10 -> 0.0039525692 | K8: =HUNGARY2009ttl!K4/HUNGARY2009ttl!$BE$11 -> 0.27983695 | L8: =HUNGARY2009ttl!L4/HUNGARY2009ttl!$BE$12 -> 0.02910336 | M8: =HUNGARY2009ttl!M4/HUNGARY2009ttl!$BE$13 -> 0.0035180563 | N8: =HUNGARY2009ttl!N4/HUNGARY2009ttl!$BE$14 -> 0.00073145755 | O8: =HUNGARY2009ttl!O4/HUNGARY2009ttl!$BE$15 -> 0.018775449 | P8: =HUNGARY2009ttl!P4/HUNGARY2009ttl!$BE$16 -> 0.044303247 | Q8: =HUNGARY2009ttl!Q4/HUNGARY2009ttl!$BE$17 -> 0.00088064777 | R8: =HUNGARY2009ttl!R4/HUNGARY2009ttl!$BE$18 -> 0.00016323264 | S8: =HUNGARY2009ttl!S4/HUNGARY2009ttl!$BE$19 -> 0.00048448439 | T8: =HUNGARY2009ttl!T4/HUNGARY2009ttl!$BE$20 -> 0.0007348776 | U8: =HUNGARY2009ttl!U4/HUNGARY2009ttl!$BE$21 -> 0.000497734 | V8: =HUNGARY2009ttl!V4/HUNGARY2009ttl!$BE$22 -> 0.0043704475 | W8: =HUNGARY2009ttl!W4/HUNGARY2009ttl!$BE$23 -> 0.00032926147 | X8: =HUNGARY2009ttl!X4/HUNGARY2009ttl!$BE$24 -> 0.10088189 | Y8: =HUNGARY2009ttl!Y4/HUNGARY2009ttl!$BE$25 -> 0.0044746011 | Z8: =HUNGARY2009ttl!Z4/HUNGARY2009ttl!$BE$26 -> 0.0032753684 | AA8: =HUNGARY2009ttl!AA4/HUNGARY2009ttl!$BE$27 -> 0.0025004107 | AB8: =HUNGARY2009ttl!AB4/HUNGARY2009ttl!$BE$28 -> 0.0039320981 | AC8: =HUNGARY2009ttl!AC4/HUNGARY2009ttl!$BE$29 -> 0.0011422045 | AD8: =HUNGARY2009ttl!AD4/HUNGARY2009ttl!$BE$30 -> 0.00068900181 | AE8: =HUNGARY2009ttl!AE4/HUNGARY2009ttl!$BE$31 -> 0.011921804 | AF8: =HUNGARY2009ttl!AF4/HUNGARY2009ttl!$BE$32 -> 0.0022206521 | AG8: =HUNGARY2009ttl!AG4/HUNGARY2009ttl!$BE$33 -> 0.0054618504 | AH8: =HUNGARY2009ttl!AH4/HUNGARY2009ttl!$BE$34 -> 0.00062539087 | AI8: =HUNGARY2009ttl!AI4/HUNGARY2009ttl!$BE$35 -> 0.00096943957 | AJ8: =HUNGARY2009ttl!AJ4/HUNGARY2009ttl!$BE$36 -> 0.00033895433 | AK8: =HUNGARY2009ttl!AK4/HUNGARY2009ttl!$BE$37 -> 0.00045526754 | AL8: =HUNGARY2009ttl!AL4/HUNGARY2009ttl!$BE$38 -> 0.0018336023 | AM8: =HUNGARY2009ttl!AM4/HUNGARY2009ttl!$BE$39 -> 0.0027833191 | AN8: =HUNGARY2009ttl!AN4/HUNGARY2009ttl!$BE$40 -> 0.0021774717 | AO8: =HUNGARY2009ttl!AO4/HUNGARY2009ttl!$BE$41 -> 0.0032718468 | AP8: =HUNGARY2009ttl!AP4/HUNGARY2009ttl!$BE$42 -> 0.0069165488 | AQ8: =HUNGARY2009ttl!AQ4/HUNGARY2009ttl!$BE$43 -> 0.0078988152 | AR8: =HUNGARY2009ttl!AR4/HUNGARY2009ttl!$BE$44 -> 0.01022647 | AS8: =HUNGARY2009ttl!AS4/HUNGARY2009ttl!$BE$45 -> 0.002874885 | AT8: =HUNGARY2009ttl!AT4/HUNGARY2009ttl!$BE$46 -> 0
A9: TTL_B07_08 | B9: =HUNGARY2009ttl!B5/HUNGARY2009ttl!$BE$2 -> 0.0013554245 | C9: =HUNGARY2009ttl!C5/HUNGARY2009ttl!$BE$3 -> 0 | D9: =HUNGARY2009ttl!D5/HUNGARY2009ttl!$BE$4 -> 0.041353383 | E9: =HUNGARY2009ttl!E5/HUNGARY2009ttl!$BE$5 -> 0.036099969 | F9: =HUNGARY2009ttl!F5/HUNGARY2009ttl!$BE$6 -> 0.033515199 | G9: =HUNGARY2009ttl!G5/HUNGARY2009ttl!$BE$7 -> 0.0041683256 | H9: =HUNGARY2009ttl!H5/HUNGARY2009ttl!$BE$8 -> 0.00049723414 | I9: =HUNGARY2009ttl!I5/HUNGARY2009ttl!$BE$9 -> 0.0011727912 | J9: =HUNGARY2009ttl!J5/HUNGARY2009ttl!$BE$10 -> 0.0015019763 | K9: =HUNGARY2009ttl!K5/HUNGARY2009ttl!$BE$11 -> 9.9016437e-05 | L9: =HUNGARY2009ttl!L5/HUNGARY2009ttl!$BE$12 -> 0.0029156859 | M9: =HUNGARY2009ttl!M5/HUNGARY2009ttl!$BE$13 -> 0.0005713083 | N9: =HUNGARY2009ttl!N5/HUNGARY2009ttl!$BE$14 -> 0.0013410055 | O9: =HUNGARY2009ttl!O5/HUNGARY2009ttl!$BE$15 -> 0.03517569 | P9: =HUNGARY2009ttl!P5/HUNGARY2009ttl!$BE$16 -> 0.0088780573 | Q9: =HUNGARY2009ttl!Q5/HUNGARY2009ttl!$BE$17 -> 0.0045744759 | R9: =HUNGARY2009ttl!R5/HUNGARY2009ttl!$BE$18 -> 0.0002211539 | S9: =HUNGARY2009ttl!S5/HUNGARY2009ttl!$BE$19 -> 0.0012596594 | T9: =HUNGARY2009ttl!T5/HUNGARY2009ttl!$BE$20 -> 0.0011482462 | U9: =HUNGARY2009ttl!U5/HUNGARY2009ttl!$BE$21 -> 0.00065491316 | V9: =HUNGARY2009ttl!V5/HUNGARY2009ttl!$BE$22 -> 0.00083246618 | W9: =HUNGARY2009ttl!W5/HUNGARY2009ttl!$BE$23 -> 0.00085607981 | X9: =HUNGARY2009ttl!X5/HUNGARY2009ttl!$BE$24 -> 0.00019679471 | Y9: =HUNGARY2009ttl!Y5/HUNGARY2009ttl!$BE$25 -> 0.0017604988 | Z9: =HUNGARY2009ttl!Z5/HUNGARY2009ttl!$BE$26 -> 0.0086388714 | AA9: =HUNGARY2009ttl!AA5/HUNGARY2009ttl!$BE$27 -> 0.0010779014 | AB9: =HUNGARY2009ttl!AB5/HUNGARY2009ttl!$BE$28 -> 0.00010180189 | AC9: =HUNGARY2009ttl!AC5/HUNGARY2009ttl!$BE$29 -> 0.00057110223 | AD9: =HUNGARY2009ttl!AD5/HUNGARY2009ttl!$BE$30 -> 0 | AE9: =HUNGARY2009ttl!AE5/HUNGARY2009ttl!$BE$31 -> 0.00039895802 | AF9: =HUNGARY2009ttl!AF5/HUNGARY2009ttl!$BE$32 -> 0 | AG9: =HUNGARY2009ttl!AG5/HUNGARY2009ttl!$BE$33 -> 5.5544241e-05 | AH9: =HUNGARY2009ttl!AH5/HUNGARY2009ttl!$BE$34 -> 0.00011912207 | AI9: =HUNGARY2009ttl!AI5/HUNGARY2009ttl!$BE$35 -> 4.6163789e-05 | AJ9: =HUNGARY2009ttl!AJ5/HUNGARY2009ttl!$BE$36 -> 0.00033895433 | AK9: =HUNGARY2009ttl!AK5/HUNGARY2009ttl!$BE$37 -> 1.9373087e-05 | AL9: =HUNGARY2009ttl!AL5/HUNGARY2009ttl!$BE$38 -> 0.0015135553 | AM9: =HUNGARY2009ttl!AM5/HUNGARY2009ttl!$BE$39 -> 0.00078844875 | AN9: =HUNGARY2009ttl!AN5/HUNGARY2009ttl!$BE$40 -> 0.0004015196 | AO9: =HUNGARY2009ttl!AO5/HUNGARY2009ttl!$BE$41 -> 0.00010906156 | AP9: =HUNGARY2009ttl!AP5/HUNGARY2009ttl!$BE$42 -> 0.00024045262 | AQ9: =HUNGARY2009ttl!AQ5/HUNGARY2009ttl!$BE$43 -> 0.00071239314 | AR9: =HUNGARY2009ttl!AR5/HUNGARY2009ttl!$BE$44 -> 0.00074374326 | AS9: =HUNGARY2009ttl!AS5/HUNGARY2009ttl!$BE$45 -> 0.0013799448 | AT9: =HUNGARY2009ttl!AT5/HUNGARY2009ttl!$BE$46 -> 0
A10: TTL_B09 | B10: =HUNGARY2009ttl!B6/HUNGARY2009ttl!$BE$2 -> 4.7392466e-05 | C10: =HUNGARY2009ttl!C6/HUNGARY2009ttl!$BE$3 -> 0 | D10: =HUNGARY2009ttl!D6/HUNGARY2009ttl!$BE$4 -> 0.1287594 | E10: =HUNGARY2009ttl!E6/HUNGARY2009ttl!$BE$5 -> 0.001234187 | F10: =HUNGARY2009ttl!F6/HUNGARY2009ttl!$BE$6 -> 0.047934528 | G10: =HUNGARY2009ttl!G6/HUNGARY2009ttl!$BE$7 -> 4.8752346e-05 | H10: =HUNGARY2009ttl!H6/HUNGARY2009ttl!$BE$8 -> 0 | I10: =HUNGARY2009ttl!I6/HUNGARY2009ttl!$BE$9 -> 0.00029319781 | J10: =HUNGARY2009ttl!J6/HUNGARY2009ttl!$BE$10 -> 3.9525692e-05 | K10: =HUNGARY2009ttl!K6/HUNGARY2009ttl!$BE$11 -> 0.012146016 | L10: =HUNGARY2009ttl!L6/HUNGARY2009ttl!$BE$12 -> 0.00029424353 | M10: =HUNGARY2009ttl!M6/HUNGARY2009ttl!$BE$13 -> 6.0137715e-05 | N10: =HUNGARY2009ttl!N6/HUNGARY2009ttl!$BE$14 -> 0.00029258302 | O10: =HUNGARY2009ttl!O6/HUNGARY2009ttl!$BE$15 -> 0.00022621022 | P10: =HUNGARY2009ttl!P6/HUNGARY2009ttl!$BE$16 -> 0.0014796762 | Q10: =HUNGARY2009ttl!Q6/HUNGARY2009ttl!$BE$17 -> 2.4462438e-05 | R10: =HUNGARY2009ttl!R6/HUNGARY2009ttl!$BE$18 -> 2.6327845e-05 | S10: =HUNGARY2009ttl!S6/HUNGARY2009ttl!$BE$19 -> 4.8448439e-05 | T10: =HUNGARY2009ttl!T6/HUNGARY2009ttl!$BE$20 -> 0.00010716965 | U10: =HUNGARY2009ttl!U6/HUNGARY2009ttl!$BE$21 -> 0.00013753176 | V10: =HUNGARY2009ttl!V6/HUNGARY2009ttl!$BE$22 -> 0.00020811655 | W10: =HUNGARY2009ttl!W6/HUNGARY2009ttl!$BE$23 -> 0.00036218761 | X10: =HUNGARY2009ttl!X6/HUNGARY2009ttl!$BE$24 -> 0.0011192699 | Y10: =HUNGARY2009ttl!Y6/HUNGARY2009ttl!$BE$25 -> 0.00014670823 | Z10: =HUNGARY2009ttl!Z6/HUNGARY2009ttl!$BE$26 -> 0.00085899853 | AA10: =HUNGARY2009ttl!AA6/HUNGARY2009ttl!$BE$27 -> 6.0106027e-05 | AB10: =HUNGARY2009ttl!AB6/HUNGARY2009ttl!$BE$28 -> 5.0900947e-05 | AC10: =HUNGARY2009ttl!AC6/HUNGARY2009ttl!$BE$29 -> 0 | AD10: =HUNGARY2009ttl!AD6/HUNGARY2009ttl!$BE$30 -> 0 | AE10: =HUNGARY2009ttl!AE6/HUNGARY2009ttl!$BE$31 -> 0.00014080871 | AF10: =HUNGARY2009ttl!AF6/HUNGARY2009ttl!$BE$32 -> 0 | AG10: =HUNGARY2009ttl!AG6/HUNGARY2009ttl!$BE$33 -> 5.5544241e-05 | AH10: =HUNGARY2009ttl!AH6/HUNGARY2009ttl!$BE$34 -> 2.9780518e-05 | AI10: =HUNGARY2009ttl!AI6/HUNGARY2009ttl!$BE$35 -> 2.3081895e-05 | AJ10: =HUNGARY2009ttl!AJ6/HUNGARY2009ttl!$BE$36 -> 2.8246194e-05 | AK10: =HUNGARY2009ttl!AK6/HUNGARY2009ttl!$BE$37 -> 1.9373087e-05 | AL10: =HUNGARY2009ttl!AL6/HUNGARY2009ttl!$BE$38 -> 4.0005868e-05 | AM10: =HUNGARY2009ttl!AM6/HUNGARY2009ttl!$BE$39 -> 0.00012349197 | AN10: =HUNGARY2009ttl!AN6/HUNGARY2009ttl!$BE$40 -> 7.7215307e-05 | AO10: =HUNGARY2009ttl!AO6/HUNGARY2009ttl!$BE$41 -> 3.6353854e-05 | AP10: =HUNGARY2009ttl!AP6/HUNGARY2009ttl!$BE$42 -> 5.6577086e-05 | AQ10: =HUNGARY2009ttl!AQ6/HUNGARY2009ttl!$BE$43 -> 0.0001499775 | AR10: =HUNGARY2009ttl!AR6/HUNGARY2009ttl!$BE$44 -> 0.00014874865 | AS10: =HUNGARY2009ttl!AS6/HUNGARY2009ttl!$BE$45 -> 5.74977e-05 | AT10: =HUNGARY2009ttl!AT6/HUNGARY2009ttl!$BE$46 -> 0
A11: TTL_C10T12 | B11: =HUNGARY2009ttl!B7/HUNGARY2009ttl!$BE$2 -> 0.081524521 | C11: =HUNGARY2009ttl!C7/HUNGARY2009ttl!$BE$3 -> 0.050739958 | D11: =HUNGARY2009ttl!D7/HUNGARY2009ttl!$BE$4 -> 0.00093984962 | E11: =HUNGARY2009ttl!E7/HUNGARY2009ttl!$BE$5 -> 0.00092564023 | F11: =HUNGARY2009ttl!F7/HUNGARY2009ttl!$BE$6 -> 0.0011691348 | G11: =HUNGARY2009ttl!G7/HUNGARY2009ttl!$BE$7 -> 0.10745017 | H11: =HUNGARY2009ttl!H7/HUNGARY2009ttl!$BE$8 -> 0.0023618621 | I11: =HUNGARY2009ttl!I7/HUNGARY2009ttl!$BE$9 -> 0.0017591869 | J11: =HUNGARY2009ttl!J7/HUNGARY2009ttl!$BE$10 -> 0.0061660079 | K11: =HUNGARY2009ttl!K7/HUNGARY2009ttl!$BE$11 -> 0.005066341 | L11: =HUNGARY2009ttl!L7/HUNGARY2009ttl!$BE$12 -> 0.0058848705 | M11: =HUNGARY2009ttl!M7/HUNGARY2009ttl!$BE$13 -> 0.0054424632 | N11: =HUNGARY2009ttl!N7/HUNGARY2009ttl!$BE$14 -> 0.0034622324 | O11: =HUNGARY2009ttl!O7/HUNGARY2009ttl!$BE$15 -> 0.001658875 | P11: =HUNGARY2009ttl!P7/HUNGARY2009ttl!$BE$16 -> 0.0013491165 | Q11: =HUNGARY2009ttl!Q7/HUNGARY2009ttl!$BE$17 -> 0.0012720468 | R11: =HUNGARY2009ttl!R7/HUNGARY2009ttl!$BE$18 -> 0.00080563205 | S11: =HUNGARY2009ttl!S7/HUNGARY2009ttl!$BE$19 -> 0.0014050047 | T11: =HUNGARY2009ttl!T7/HUNGARY2009ttl!$BE$20 -> 0.0010410766 | U11: =HUNGARY2009ttl!U7/HUNGARY2009ttl!$BE$21 -> 0.00087758363 | V11: =HUNGARY2009ttl!V7/HUNGARY2009ttl!$BE$22 -> 0.0010405827 | W11: =HUNGARY2009ttl!W7/HUNGARY2009ttl!$BE$23 -> 0.0016133812 | X11: =HUNGARY2009ttl!X7/HUNGARY2009ttl!$BE$24 -> 0.0025829305 | Y11: =HUNGARY2009ttl!Y7/HUNGARY2009ttl!$BE$25 -> 0.0026774253 | Z11: =HUNGARY2009ttl!Z7/HUNGARY2009ttl!$BE$26 -> 0.0011243802 | AA11: =HUNGARY2009ttl!AA7/HUNGARY2009ttl!$BE$27 -> 0.0077416563 | AB11: =HUNGARY2009ttl!AB7/HUNGARY2009ttl!$BE$28 -> 0.00067443754 | AC11: =HUNGARY2009ttl!AC7/HUNGARY2009ttl!$BE$29 -> 0.0085665334 | AD11: =HUNGARY2009ttl!AD7/HUNGARY2009ttl!$BE$30 -> 0.004564637 | AE11: =HUNGARY2009ttl!AE7/HUNGARY2009ttl!$BE$31 -> 0.00044589425 | AF11: =HUNGARY2009ttl!AF7/HUNGARY2009ttl!$BE$32 -> 0.00060563238 | AG11: =HUNGARY2009ttl!AG7/HUNGARY2009ttl!$BE$33 -> 0.21327137 | AH11: =HUNGARY2009ttl!AH7/HUNGARY2009ttl!$BE$34 -> 0.00053604932 | AI11: =HUNGARY2009ttl!AI7/HUNGARY2009ttl!$BE$35 -> 0.00036931031 | AJ11: =HUNGARY2009ttl!AJ7/HUNGARY2009ttl!$BE$36 -> 0.00053667768 | AK11: =HUNGARY2009ttl!AK7/HUNGARY2009ttl!$BE$37 -> 0.00042620791 | AL11: =HUNGARY2009ttl!AL7/HUNGARY2009ttl!$BE$38 -> 0.00082678793 | AM11: =HUNGARY2009ttl!AM7/HUNGARY2009ttl!$BE$39 -> 0.0024128432 | AN11: =HUNGARY2009ttl!AN7/HUNGARY2009ttl!$BE$40 -> 0.0063007691 | AO11: =HUNGARY2009ttl!AO7/HUNGARY2009ttl!$BE$41 -> 0.0019921912 | AP11: =HUNGARY2009ttl!AP7/HUNGARY2009ttl!$BE$42 -> 0.00074964639 | AQ11: =HUNGARY2009ttl!AQ7/HUNGARY2009ttl!$BE$43 -> 0.016010098 | AR11: =HUNGARY2009ttl!AR7/HUNGARY2009ttl!$BE$44 -> 0.0039418393 | AS11: =HUNGARY2009ttl!AS7/HUNGARY2009ttl!$BE$45 -> 0.0038523459 | AT11: =HUNGARY2009ttl!AT7/HUNGARY2009ttl!$BE$46 -> 0
A12: TTL_C13T15 | B12: =HUNGARY2009ttl!B8/HUNGARY2009ttl!$BE$2 -> 0.00046444617 | C12: =HUNGARY2009ttl!C8/HUNGARY2009ttl!$BE$3 -> 0 | D12: =HUNGARY2009ttl!D8/HUNGARY2009ttl!$BE$4 -> 0.00093984962 | E12: =HUNGARY2009ttl!E8/HUNGARY2009ttl!$BE$5 -> 0.00061709349 | F12: =HUNGARY2009ttl!F8/HUNGARY2009ttl!$BE$6 -> 0.00038971161 | G12: =HUNGARY2009ttl!G8/HUNGARY2009ttl!$BE$7 -> 0.00078816293 | H12: =HUNGARY2009ttl!H8/HUNGARY2009ttl!$BE$8 -> 0.19914227 | I12: =HUNGARY2009ttl!I8/HUNGARY2009ttl!$BE$9 -> 0.0010750586 | J12: =HUNGARY2009ttl!J8/HUNGARY2009ttl!$BE$10 -> 0.003083004 | K12: =HUNGARY2009ttl!K8/HUNGARY2009ttl!$BE$11 -> 0.00023103835 | L12: =HUNGARY2009ttl!L8/HUNGARY2009ttl!$BE$12 -> 0.00088273058 | M12: =HUNGARY2009ttl!M8/HUNGARY2009ttl!$BE$13 -> 0.0009922723 | N12: =HUNGARY2009ttl!N8/HUNGARY2009ttl!$BE$14 -> 0.0088750183 | O12: =HUNGARY2009ttl!O8/HUNGARY2009ttl!$BE$15 -> 0.0013949631 | P12: =HUNGARY2009ttl!P8/HUNGARY2009ttl!$BE$16 -> 0.00082687788 | Q12: =HUNGARY2009ttl!Q8/HUNGARY2009ttl!$BE$17 -> 0.00078279801 | R12: =HUNGARY2009ttl!R8/HUNGARY2009ttl!$BE$18 -> 0.0011320973 | S12: =HUNGARY2009ttl!S8/HUNGARY2009ttl!$BE$19 -> 0.0016714711 | T12: =HUNGARY2009ttl!T8/HUNGARY2009ttl!$BE$20 -> 0.0017453343 | U12: =HUNGARY2009ttl!U8/HUNGARY2009ttl!$BE$21 -> 0.0050297331 | V12: =HUNGARY2009ttl!V8/HUNGARY2009ttl!$BE$22 -> 0.0012486993 | W12: =HUNGARY2009ttl!W8/HUNGARY2009ttl!$BE$23 -> 0.016561852 | X12: =HUNGARY2009ttl!X8/HUNGARY2009ttl!$BE$24 -> 0.00033209107 | Y12: =HUNGARY2009ttl!Y8/HUNGARY2009ttl!$BE$25 -> 0.001283697 | Z12: =HUNGARY2009ttl!Z8/HUNGARY2009ttl!$BE$26 -> 0.0010754941 | AA12: =HUNGARY2009ttl!AA8/HUNGARY2009ttl!$BE$27 -> 0.00123017 | AB12: =HUNGARY2009ttl!AB8/HUNGARY2009ttl!$BE$28 -> 0.00044538328 | AC12: =HUNGARY2009ttl!AC8/HUNGARY2009ttl!$BE$29 -> 0.00057110223 | AD12: =HUNGARY2009ttl!AD8/HUNGARY2009ttl!$BE$30 -> 0.0003445009 | AE12: =HUNGARY2009ttl!AE8/HUNGARY2009ttl!$BE$31 -> 0.00044589425 | AF12: =HUNGARY2009ttl!AF8/HUNGARY2009ttl!$BE$32 -> 0.001110326 | AG12: =HUNGARY2009ttl!AG8/HUNGARY2009ttl!$BE$33 -> 0.00099979634 | AH12: =HUNGARY2009ttl!AH8/HUNGARY2009ttl!$BE$34 -> 0.00026802466 | AI12: =HUNGARY2009ttl!AI8/HUNGARY2009ttl!$BE$35 -> 0.00034622842 | AJ12: =HUNGARY2009ttl!AJ8/HUNGARY2009ttl!$BE$36 -> 0.00033895433 | AK12: =HUNGARY2009ttl!AK8/HUNGARY2009ttl!$BE$37 -> 0.00014529815 | AL12: =HUNGARY2009ttl!AL8/HUNGARY2009ttl!$BE$38 -> 0.00022003227 | AM12: =HUNGARY2009ttl!AM8/HUNGARY2009ttl!$BE$39 -> 0.00045597036 | AN12: =HUNGARY2009ttl!AN8/HUNGARY2009ttl!$BE$40 -> 0.00098835593 | AO12: =HUNGARY2009ttl!AO8/HUNGARY2009ttl!$BE$41 -> 0.00061074475 | AP12: =HUNGARY2009ttl!AP8/HUNGARY2009ttl!$BE$42 -> 0.00026874116 | AQ12: =HUNGARY2009ttl!AQ8/HUNGARY2009ttl!$BE$43 -> 0.001899715 | AR12: =HUNGARY2009ttl!AR8/HUNGARY2009ttl!$BE$44 -> 0.0032724703 | AS12: =HUNGARY2009ttl!AS8/HUNGARY2009ttl!$BE$45 -> 0.0065834867 | AT12: =HUNGARY2009ttl!AT8/HUNGARY2009ttl!$BE$46 -> 0
A13: TTL_C16 | B13: =HUNGARY2009ttl!B9/HUNGARY2009ttl!$BE$2 -> 0.0020378761 | C13: =HUNGARY2009ttl!C9/HUNGARY2009ttl!$BE$3 -> 0 | D13: =HUNGARY2009ttl!D9/HUNGARY2009ttl!$BE$4 -> 0 | E13: =HUNGARY2009ttl!E9/HUNGARY2009ttl!$BE$5 -> 0.00030854674 | F13: =HUNGARY2009ttl!F9/HUNGARY2009ttl!$BE$6 -> 0.00038971161 | G13: =HUNGARY2009ttl!G9/HUNGARY2009ttl!$BE$7 -> 0.0015844513 | H13: =HUNGARY2009ttl!H9/HUNGARY2009ttl!$BE$8 -> 0.0022997079 | I13: =HUNGARY2009ttl!I9/HUNGARY2009ttl!$BE$9 -> 0.19253323 | J13: =HUNGARY2009ttl!J9/HUNGARY2009ttl!$BE$10 -> 0.0022924901 | K13: =HUNGARY2009ttl!K9/HUNGARY2009ttl!$BE$11 -> 0.00024754109 | L13: =HUNGARY2009ttl!L9/HUNGARY2009ttl!$BE$12 -> 0.0032099294 | M13: =HUNGARY2009ttl!M9/HUNGARY2009ttl!$BE$13 -> 0.00048110172 | N13: =HUNGARY2009ttl!N9/HUNGARY2009ttl!$BE$14 -> 0.0034134686 | O13: =HUNGARY2009ttl!O9/HUNGARY2009ttl!$BE$15 -> 0.0078042528 | P13: =HUNGARY2009ttl!P9/HUNGARY2009ttl!$BE$16 -> 0.0023935939 | Q13: =HUNGARY2009ttl!Q9/HUNGARY2009ttl!$BE$17 -> 0.0048680251 | R13: =HUNGARY2009ttl!R9/HUNGARY2009ttl!$BE$18 -> 0.00076877307 | S13: =HUNGARY2009ttl!S9/HUNGARY2009ttl!$BE$19 -> 0.0034156149 | T13: =HUNGARY2009ttl!T9/HUNGARY2009ttl!$BE$20 -> 0.0023577323 | U13: =HUNGARY2009ttl!U9/HUNGARY2009ttl!$BE$21 -> 0.0015455951 | V13: =HUNGARY2009ttl!V9/HUNGARY2009ttl!$BE$22 -> 0.0033298647 | W13: =HUNGARY2009ttl!W9/HUNGARY2009ttl!$BE$23 -> 0.035757795 | X13: =HUNGARY2009ttl!X9/HUNGARY2009ttl!$BE$24 -> 0.0018080514 | Y13: =HUNGARY2009ttl!Y9/HUNGARY2009ttl!$BE$25 -> 0.00084357235 | Z13: =HUNGARY2009ttl!Z9/HUNGARY2009ttl!$BE$26 -> 0.020001397 | AA13: =HUNGARY2009ttl!AA9/HUNGARY2009ttl!$BE$27 -> 0.0023441351 | AB13: =HUNGARY2009ttl!AB9/HUNGARY2009ttl!$BE$28 -> 0.0010307442 | AC13: =HUNGARY2009ttl!AC9/HUNGARY2009ttl!$BE$29 -> 0.0017133067 | AD13: =HUNGARY2009ttl!AD9/HUNGARY2009ttl!$BE$30 -> 0.00043062613 | AE13: =HUNGARY2009ttl!AE9/HUNGARY2009ttl!$BE$31 -> 0.0003754899 | AF13: =HUNGARY2009ttl!AF9/HUNGARY2009ttl!$BE$32 -> 0.00020187746 | AG13: =HUNGARY2009ttl!AG9/HUNGARY2009ttl!$BE$33 -> 0.00053692766 | AH13: =HUNGARY2009ttl!AH9/HUNGARY2009ttl!$BE$34 -> 0.00017868311 | AI13: =HUNGARY2009ttl!AI9/HUNGARY2009ttl!$BE$35 -> 0.00046163789 | AJ13: =HUNGARY2009ttl!AJ9/HUNGARY2009ttl!$BE$36 -> 8.4738581e-05 | AK13: =HUNGARY2009ttl!AK9/HUNGARY2009ttl!$BE$37 -> 7.7492348e-05 | AL13: =HUNGARY2009ttl!AL9/HUNGARY2009ttl!$BE$38 -> 0.0043606396 | AM13: =HUNGARY2009ttl!AM9/HUNGARY2009ttl!$BE$39 -> 0.0013869099 | AN13: =HUNGARY2009ttl!AN9/HUNGARY2009ttl!$BE$40 -> 0.0012817741 | AO13: =HUNGARY2009ttl!AO9/HUNGARY2009ttl!$BE$41 -> 0.00018176927 | AP13: =HUNGARY2009ttl!AP9/HUNGARY2009ttl!$BE$42 -> 8.4865629e-05 | AQ13: =HUNGARY2009ttl!AQ9/HUNGARY2009ttl!$BE$43 -> 0.00036244563 | AR13: =HUNGARY2009ttl!AR9/HUNGARY2009ttl!$BE$44 -> 0.00044624596 | AS13: =HUNGARY2009ttl!AS9/HUNGARY2009ttl!$BE$45 -> 0.001351196 | AT13: =HUNGARY2009ttl!AT9/HUNGARY2009ttl!$BE$46 -> 0
A14: TTL_C17_18 | B14: =HUNGARY2009ttl!B10/HUNGARY2009ttl!$BE$2 -> 0.0022084889 | C14: =HUNGARY2009ttl!C10/HUNGARY2009ttl!$BE$3 -> 0.0021141649 | D14: =HUNGARY2009ttl!D10/HUNGARY2009ttl!$BE$4 -> 0 | E14: =HUNGARY2009ttl!E10/HUNGARY2009ttl!$BE$5 -> 0.001234187 | F14: =HUNGARY2009ttl!F10/HUNGARY2009ttl!$BE$6 -> 0.00038971161 | G14: =HUNGARY2009ttl!G10/HUNGARY2009ttl!$BE$7 -> 0.019874706 | H14: =HUNGARY2009ttl!H10/HUNGARY2009ttl!$BE$8 -> 0.0060289639 | I14: =HUNGARY2009ttl!I10/HUNGARY2009ttl!$BE$9 -> 0.021598905 | J14: =HUNGARY2009ttl!J10/HUNGARY2009ttl!$BE$10 -> 0.31988142 | K14: =HUNGARY2009ttl!K10/HUNGARY2009ttl!$BE$11 -> 0.00042907123 | L14: =HUNGARY2009ttl!L10/HUNGARY2009ttl!$BE$12 -> 0.010726514 | M14: =HUNGARY2009ttl!M10/HUNGARY2009ttl!$BE$13 -> 0.0075472833 | N14: =HUNGARY2009ttl!N10/HUNGARY2009ttl!$BE$14 -> 0.011605793 | O14: =HUNGARY2009ttl!O10/HUNGARY2009ttl!$BE$15 -> 0.0067863067 | P14: =HUNGARY2009ttl!P10/HUNGARY2009ttl!$BE$16 -> 0.0016972757 | Q14: =HUNGARY2009ttl!Q10/HUNGARY2009ttl!$BE$17 -> 0.0029110301 | R14: =HUNGARY2009ttl!R10/HUNGARY2009ttl!$BE$18 -> 0.0031330135 | S14: =HUNGARY2009ttl!S10/HUNGARY2009ttl!$BE$19 -> 0.009713912 | T14: =HUNGARY2009ttl!T10/HUNGARY2009ttl!$BE$20 -> 0.002434282 | U14: =HUNGARY2009ttl!U10/HUNGARY2009ttl!$BE$21 -> 0.0015586933 | V14: =HUNGARY2009ttl!V10/HUNGARY2009ttl!$BE$22 -> 0.002289282 | W14: =HUNGARY2009ttl!W10/HUNGARY2009ttl!$BE$23 -> 0.0080339798 | X14: =HUNGARY2009ttl!X10/HUNGARY2009ttl!$BE$24 -> 0.001598957 | Y14: =HUNGARY2009ttl!Y10/HUNGARY2009ttl!$BE$25 -> 0.0013203741 | Z14: =HUNGARY2009ttl!Z10/HUNGARY2009ttl!$BE$26 -> 0.0010754941 | AA14: =HUNGARY2009ttl!AA10/HUNGARY2009ttl!$BE$27 -> 0.013984669 | AB14: =HUNGARY2009ttl!AB10/HUNGARY2009ttl!$BE$28 -> 0.0014252265 | AC14: =HUNGARY2009ttl!AC10/HUNGARY2009ttl!$BE$29 -> 0.00057110223 | AD14: =HUNGARY2009ttl!AD10/HUNGARY2009ttl!$BE$30 -> 0.00077512703 | AE14: =HUNGARY2009ttl!AE10/HUNGARY2009ttl!$BE$31 -> 0.002581493 | AF14: =HUNGARY2009ttl!AF10/HUNGARY2009ttl!$BE$32 -> 0.0064600787 | AG14: =HUNGARY2009ttl!AG10/HUNGARY2009ttl!$BE$33 -> 0.0021291959 | AH14: =HUNGARY2009ttl!AH10/HUNGARY2009ttl!$BE$34 -> 0.079454421 | AI14: =HUNGARY2009ttl!AI10/HUNGARY2009ttl!$BE$35 -> 0.0014079956 | AJ14: =HUNGARY2009ttl!AJ10/HUNGARY2009ttl!$BE$36 -> 0.0033895433 | AK14: =HUNGARY2009ttl!AK10/HUNGARY2009ttl!$BE$37 -> 0.0080495176 | AL14: =HUNGARY2009ttl!AL10/HUNGARY2009ttl!$BE$38 -> 0.0038672339 | AM14: =HUNGARY2009ttl!AM10/HUNGARY2009ttl!$BE$39 -> 0.0053956493 | AN14: =HUNGARY2009ttl!AN10/HUNGARY2009ttl!$BE$40 -> 0.0060073509 | AO14: =HUNGARY2009ttl!AO10/HUNGARY2009ttl!$BE$41 -> 0.0054458073 | AP14: =HUNGARY2009ttl!AP10/HUNGARY2009ttl!$BE$42 -> 0.0034653465 | AQ14: =HUNGARY2009ttl!AQ10/HUNGARY2009ttl!$BE$43 -> 0.0017122432 | AR14: =HUNGARY2009ttl!AR10/HUNGARY2009ttl!$BE$44 -> 0.0043137109 | AS14: =HUNGARY2009ttl!AS10/HUNGARY2009ttl!$BE$45 -> 0.0043123275 | AT14: =HUNGARY2009ttl!AT10/HUNGARY2009ttl!$BE$46 -> 0
A15: TTL_C19 | B15: =HUNGARY2009ttl!B11/HUNGARY2009ttl!$BE$2 -> 0.023838411 | C15: =HUNGARY2009ttl!C11/HUNGARY2009ttl!$BE$3 -> 0.029598309 | D15: =HUNGARY2009ttl!D11/HUNGARY2009ttl!$BE$4 -> 0.022556391 | E15: =HUNGARY2009ttl!E11/HUNGARY2009ttl!$BE$5 -> 0.032705955 | F15: =HUNGARY2009ttl!F11/HUNGARY2009ttl!$BE$6 -> 0.030787217 | G15: =HUNGARY2009ttl!G11/HUNGARY2009ttl!$BE$7 -> 0.0086779176 | H15: =HUNGARY2009ttl!H11/HUNGARY2009ttl!$BE$8 -> 0.0052831127 | I15: =HUNGARY2009ttl!I11/HUNGARY2009ttl!$BE$9 -> 0.0095777952 | J15: =HUNGARY2009ttl!J11/HUNGARY2009ttl!$BE$10 -> 0.0064031621 | K15: =HUNGARY2009ttl!K11/HUNGARY2009ttl!$BE$11 -> 0.086012278 | L15: =HUNGARY2009ttl!L11/HUNGARY2009ttl!$BE$12 -> 0.14059491 | M15: =HUNGARY2009ttl!M11/HUNGARY2009ttl!$BE$13 -> 0.0094416213 | N15: =HUNGARY2009ttl!N11/HUNGARY2009ttl!$BE$14 -> 0.01372702 | O15: =HUNGARY2009ttl!O11/HUNGARY2009ttl!$BE$15 -> 0.025637159 | P15: =HUNGARY2009ttl!P11/HUNGARY2009ttl!$BE$16 -> 0.053268344 | Q15: =HUNGARY2009ttl!Q11/HUNGARY2009ttl!$BE$17 -> 0.0048924876 | R15: =HUNGARY2009ttl!R11/HUNGARY2009ttl!$BE$18 -> 0.0023800372 | S15: =HUNGARY2009ttl!S11/HUNGARY2009ttl!$BE$19 -> 0.005523122 | T15: =HUNGARY2009ttl!T11/HUNGARY2009ttl!$BE$20 -> 0.004577675 | U15: =HUNGARY2009ttl!U11/HUNGARY2009ttl!$BE$21 -> 0.0027440861 | V15: =HUNGARY2009ttl!V11/HUNGARY2009ttl!$BE$22 -> 0.0049947971 | W15: =HUNGARY2009ttl!W11/HUNGARY2009ttl!$BE$23 -> 0.0053340358 | X15: =HUNGARY2009ttl!X11/HUNGARY2009ttl!$BE$24 -> 0.022754388 | Y15: =HUNGARY2009ttl!Y11/HUNGARY2009ttl!$BE$25 -> 0.01844856 | Z15: =HUNGARY2009ttl!Z11/HUNGARY2009ttl!$BE$26 -> 0.018297367 | AA15: =HUNGARY2009ttl!AA11/HUNGARY2009ttl!$BE$27 -> 0.014409418 | AB15: =HUNGARY2009ttl!AB11/HUNGARY2009ttl!$BE$28 -> 0.093072381 | AC15: =HUNGARY2009ttl!AC11/HUNGARY2009ttl!$BE$29 -> 0.15248429 | AD15: =HUNGARY2009ttl!AD11/HUNGARY2009ttl!$BE$30 -> 0.10223064 | AE15: =HUNGARY2009ttl!AE11/HUNGARY2009ttl!$BE$31 -> 0.026143484 | AF15: =HUNGARY2009ttl!AF11/HUNGARY2009ttl!$BE$32 -> 0.0082769759 | AG15: =HUNGARY2009ttl!AG11/HUNGARY2009ttl!$BE$33 -> 0.0047953195 | AH15: =HUNGARY2009ttl!AH11/HUNGARY2009ttl!$BE$34 -> 0.0017570505 | AI15: =HUNGARY2009ttl!AI11/HUNGARY2009ttl!$BE$35 -> 0.0021004524 | AJ15: =HUNGARY2009ttl!AJ11/HUNGARY2009ttl!$BE$36 -> 0.0026551422 | AK15: =HUNGARY2009ttl!AK11/HUNGARY2009ttl!$BE$37 -> 0.0034484095 | AL15: =HUNGARY2009ttl!AL11/HUNGARY2009ttl!$BE$38 -> 0.0037938898 | AM15: =HUNGARY2009ttl!AM11/HUNGARY2009ttl!$BE$39 -> 0.0060606061 | AN15: =HUNGARY2009ttl!AN11/HUNGARY2009ttl!$BE$40 -> 0.0079377336 | AO15: =HUNGARY2009ttl!AO11/HUNGARY2009ttl!$BE$41 -> 0.0048350626 | AP15: =HUNGARY2009ttl!AP11/HUNGARY2009ttl!$BE$42 -> 0.0043281471 | AQ15: =HUNGARY2009ttl!AQ11/HUNGARY2009ttl!$BE$43 -> 0.0072364145 | AR15: =HUNGARY2009ttl!AR11/HUNGARY2009ttl!$BE$44 -> 0.008664609 | AS15: =HUNGARY2009ttl!AS11/HUNGARY2009ttl!$BE$45 -> 0.0069859706 | AT15: =HUNGARY2009ttl!AT11/HUNGARY2009ttl!$BE$46 -> 0
A16: TTL_C20 | B16: =HUNGARY2009ttl!B12/HUNGARY2009ttl!$BE$2 -> 0.049705219 | C16: =HUNGARY2009ttl!C12/HUNGARY2009ttl!$BE$3 -> 0.0021141649 | D16: =HUNGARY2009ttl!D12/HUNGARY2009ttl!$BE$4 -> 0.0046992481 | E16: =HUNGARY2009ttl!E12/HUNGARY2009ttl!$BE$5 -> 0.012958963 | F16: =HUNGARY2009ttl!F12/HUNGARY2009ttl!$BE$6 -> 0.018706157 | G16: =HUNGARY2009ttl!G12/HUNGARY2009ttl!$BE$7 -> 0.023433628 | H16: =HUNGARY2009ttl!H12/HUNGARY2009ttl!$BE$8 -> 0.026415563 | I16: =HUNGARY2009ttl!I12/HUNGARY2009ttl!$BE$9 -> 0.029808444 | J16: =HUNGARY2009ttl!J12/HUNGARY2009ttl!$BE$10 -> 0.020513834 | K16: =HUNGARY2009ttl!K12/HUNGARY2009ttl!$BE$11 -> 0.035629414 | L16: =HUNGARY2009ttl!L12/HUNGARY2009ttl!$BE$12 -> 0.1751284 | M16: =HUNGARY2009ttl!M12/HUNGARY2009ttl!$BE$13 -> 0.075532971 | N16: =HUNGARY2009ttl!N12/HUNGARY2009ttl!$BE$14 -> 0.17394061 | O16: =HUNGARY2009ttl!O12/HUNGARY2009ttl!$BE$15 -> 0.046523903 | P16: =HUNGARY2009ttl!P12/HUNGARY2009ttl!$BE$16 -> 0.010053094 | Q16: =HUNGARY2009ttl!Q12/HUNGARY2009ttl!$BE$17 -> 0.010200837 | R16: =HUNGARY2009ttl!R12/HUNGARY2009ttl!$BE$18 -> 0.0063976663 | S16: =HUNGARY2009ttl!S12/HUNGARY2009ttl!$BE$19 -> 0.039703496 | T16: =HUNGARY2009ttl!T12/HUNGARY2009ttl!$BE$20 -> 0.0072262964 | U16: =HUNGARY2009ttl!U12/HUNGARY2009ttl!$BE$21 -> 0.0072433395 | V16: =HUNGARY2009ttl!V12/HUNGARY2009ttl!$BE$22 -> 0.0081165453 | W16: =HUNGARY2009ttl!W12/HUNGARY2009ttl!$BE$23 -> 0.014685061 | X16: =HUNGARY2009ttl!X12/HUNGARY2009ttl!$BE$24 -> 0.0058423428 | Y16: =HUNGARY2009ttl!Y12/HUNGARY2009ttl!$BE$25 -> 0.0093159729 | Z16: =HUNGARY2009ttl!Z12/HUNGARY2009ttl!$BE$26 -> 0.010824778 | AA16: =HUNGARY2009ttl!AA12/HUNGARY2009ttl!$BE$27 -> 0.0065195004 | AB16: =HUNGARY2009ttl!AB12/HUNGARY2009ttl!$BE$28 -> 0.0034103634 | AC16: =HUNGARY2009ttl!AC12/HUNGARY2009ttl!$BE$29 -> 0.007424329 | AD16: =HUNGARY2009ttl!AD12/HUNGARY2009ttl!$BE$30 -> 0.0022392559 | AE16: =HUNGARY2009ttl!AE12/HUNGARY2009ttl!$BE$31 -> 0.0024641524 | AF16: =HUNGARY2009ttl!AF12/HUNGARY2009ttl!$BE$32 -> 0.0022206521 | AG16: =HUNGARY2009ttl!AG12/HUNGARY2009ttl!$BE$33 -> 0.0045175983 | AH16: =HUNGARY2009ttl!AH12/HUNGARY2009ttl!$BE$34 -> 0.0022633193 | AI16: =HUNGARY2009ttl!AI12/HUNGARY2009ttl!$BE$35 -> 0.000438556 | AJ16: =HUNGARY2009ttl!AJ12/HUNGARY2009ttl!$BE$36 -> 0.0011580939 | AK16: =HUNGARY2009ttl!AK12/HUNGARY2009ttl!$BE$37 -> 0.0010170871 | AL16: =HUNGARY2009ttl!AL12/HUNGARY2009ttl!$BE$38 -> 0.0036338663 | AM16: =HUNGARY2009ttl!AM12/HUNGARY2009ttl!$BE$39 -> 0.0054906431 | AN16: =HUNGARY2009ttl!AN12/HUNGARY2009ttl!$BE$40 -> 0.0074744417 | AO16: =HUNGARY2009ttl!AO12/HUNGARY2009ttl!$BE$41 -> 0.001301468 | AP16: =HUNGARY2009ttl!AP12/HUNGARY2009ttl!$BE$42 -> 0.003125884 | AQ16: =HUNGARY2009ttl!AQ12/HUNGARY2009ttl!$BE$43 -> 0.018184772 | AR16: =HUNGARY2009ttl!AR12/HUNGARY2009ttl!$BE$44 -> 0.0096686624 | AS16: =HUNGARY2009ttl!AS12/HUNGARY2009ttl!$BE$45 -> 0.0091421343 | AT16: =HUNGARY2009ttl!AT12/HUNGARY2009ttl!$BE$46 -> 0
A17: TTL_C21 | B17: =HUNGARY2009ttl!B13/HUNGARY2009ttl!$BE$2 -> 0.0044833273 | C17: =HUNGARY2009ttl!C13/HUNGARY2009ttl!$BE$3 -> 0.0021141649 | D17: =HUNGARY2009ttl!D13/HUNGARY2009ttl!$BE$4 -> 0.00093984962 | E17: =HUNGARY2009ttl!E13/HUNGARY2009ttl!$BE$5 -> 0.00092564023 | F17: =HUNGARY2009ttl!F13/HUNGARY2009ttl!$BE$6 -> 0.0011691348 | G17: =HUNGARY2009ttl!G13/HUNGARY2009ttl!$BE$7 -> 0.0027545076 | H17: =HUNGARY2009ttl!H13/HUNGARY2009ttl!$BE$8 -> 0.0020510908 | I17: =HUNGARY2009ttl!I13/HUNGARY2009ttl!$BE$9 -> 0.0017591869 | J17: =HUNGARY2009ttl!J13/HUNGARY2009ttl!$BE$10 -> 0.0014624506 | K17: =HUNGARY2009ttl!K13/HUNGARY2009ttl!$BE$11 -> 0.0018153013 | L17: =HUNGARY2009ttl!L13/HUNGARY2009ttl!$BE$12 -> 0.008319067 | M17: =HUNGARY2009ttl!M13/HUNGARY2009ttl!$BE$13 -> 0.070300989 | N17: =HUNGARY2009ttl!N13/HUNGARY2009ttl!$BE$14 -> 0.00775345 | O17: =HUNGARY2009ttl!O13/HUNGARY2009ttl!$BE$15 -> 0.0023752074 | P17: =HUNGARY2009ttl!P13/HUNGARY2009ttl!$BE$16 -> 0.0022630342 | Q17: =HUNGARY2009ttl!Q13/HUNGARY2009ttl!$BE$17 -> 0.0009051102 | R17: =HUNGARY2009ttl!R13/HUNGARY2009ttl!$BE$18 -> 0.0011584252 | S17: =HUNGARY2009ttl!S13/HUNGARY2009ttl!$BE$19 -> 0.0024466462 | T17: =HUNGARY2009ttl!T13/HUNGARY2009ttl!$BE$20 -> 0.0012860358 | U17: =HUNGARY2009ttl!U13/HUNGARY2009ttl!$BE$21 -> 0.0017944621 | V17: =HUNGARY2009ttl!V13/HUNGARY2009ttl!$BE$22 -> 0.00083246618 | W17: =HUNGARY2009ttl!W13/HUNGARY2009ttl!$BE$23 -> 0.0012841197 | X17: =HUNGARY2009ttl!X13/HUNGARY2009ttl!$BE$24 -> 0.0006395828 | Y17: =HUNGARY2009ttl!Y13/HUNGARY2009ttl!$BE$25 -> 0.00077021823 | Z17: =HUNGARY2009ttl!Z13/HUNGARY2009ttl!$BE$26 -> 0.00097073818 | AA17: =HUNGARY2009ttl!AA13/HUNGARY2009ttl!$BE$27 -> 0.00096169643 | AB17: =HUNGARY2009ttl!AB13/HUNGARY2009ttl!$BE$28 -> 0.00050900947 | AC17: =HUNGARY2009ttl!AC13/HUNGARY2009ttl!$BE$29 -> 0.0017133067 | AD17: =HUNGARY2009ttl!AD13/HUNGARY2009ttl!$BE$30 -> 0.0013780036 | AE17: =HUNGARY2009ttl!AE13/HUNGARY2009ttl!$BE$31 -> 0.00039895802 | AF17: =HUNGARY2009ttl!AF13/HUNGARY2009ttl!$BE$32 -> 0.00030281619 | AG17: =HUNGARY2009ttl!AG13/HUNGARY2009ttl!$BE$33 -> 0.00077761937 | AH17: =HUNGARY2009ttl!AH13/HUNGARY2009ttl!$BE$34 -> 0.00047648828 | AI17: =HUNGARY2009ttl!AI13/HUNGARY2009ttl!$BE$35 -> 0.00030006463 | AJ17: =HUNGARY2009ttl!AJ13/HUNGARY2009ttl!$BE$36 -> 0.00096037059 | AK17: =HUNGARY2009ttl!AK13/HUNGARY2009ttl!$BE$37 -> 0.00027122322 | AL17: =HUNGARY2009ttl!AL13/HUNGARY2009ttl!$BE$38 -> 0.00036005281 | AM17: =HUNGARY2009ttl!AM13/HUNGARY2009ttl!$BE$39 -> 0.0014344068 | AN17: =HUNGARY2009ttl!AN13/HUNGARY2009ttl!$BE$40 -> 0.00098835593 | AO17: =HUNGARY2009ttl!AO13/HUNGARY2009ttl!$BE$41 -> 0.00039262162 | AP17: =HUNGARY2009ttl!AP13/HUNGARY2009ttl!$BE$42 -> 0.00041018388 | AQ17: =HUNGARY2009ttl!AQ13/HUNGARY2009ttl!$BE$43 -> 0.044980753 | AR17: =HUNGARY2009ttl!AR13/HUNGARY2009ttl!$BE$44 -> 0.0016734223 | AS17: =HUNGARY2009ttl!AS13/HUNGARY2009ttl!$BE$45 -> 0.0012074517 | AT17: =HUNGARY2009ttl!AT13/HUNGARY2009ttl!$BE$46 -> 0
... A50: TTL_T | B50: =HUNGARY2009ttl!B46/HUNGARY2009ttl!$BE$2 -> 0 | C50: =HUNGARY2009ttl!C46/HUNGARY2009ttl!$BE$3 -> 0 | D50: =HUNGARY2009ttl!D46/HUNGARY2009ttl!$BE$4 -> 0 | E50: =HUNGARY2009ttl!E46/HUNGARY2009ttl!$BE$5 -> 0 | F50: =HUNGARY2009ttl!F46/HUNGARY2009ttl!$BE$6 -> 0 | G50: =HUNGARY2009ttl!G46/HUNGARY2009ttl!$BE$7 -> 0 | H50: =HUNGARY2009ttl!H46/HUNGARY2009ttl!$BE$8 -> 0 | I50: =HUNGARY2009ttl!I46/HUNGARY2009ttl!$BE$9 -> 0 | J50: =HUNGARY2009ttl!J46/HUNGARY2009ttl!$BE$10 -> 0 | K50: =HUNGARY2009ttl!K46/HUNGARY2009ttl!$BE$11 -> 0 | L50: =HUNGARY2009ttl!L46/HUNGARY2009ttl!$BE$12 -> 0 | M50: =HUNGARY2009ttl!M46/HUNGARY2009ttl!$BE$13 -> 0 | N50: =HUNGARY2009ttl!N46/HUNGARY2009ttl!$BE$14 -> 0 | O50: =HUNGARY2009ttl!O46/HUNGARY2009ttl!$BE$15 -> 0 | P50: =HUNGARY2009ttl!P46/HUNGARY2009ttl!$BE$16 -> 0 | Q50: =HUNGARY2009ttl!Q46/HUNGARY2009ttl!$BE$17 -> 0 | R50: =HUNGARY2009ttl!R46/HUNGARY2009ttl!$BE$18 -> 0 | S50: =HUNGARY2009ttl!S46/HUNGARY2009ttl!$BE$19 -> 0 | T50: =HUNGARY2009ttl!T46/HUNGARY2009ttl!$BE$20 -> 0 | U50: =HUNGARY2009ttl!U46/HUNGARY2009ttl!$BE$21 -> 0 | V50: =HUNGARY2009ttl!V46/HUNGARY2009ttl!$BE$22 -> 0 | W50: =HUNGARY2009ttl!W46/HUNGARY2009ttl!$BE$23 -> 0 | X50: =HUNGARY2009ttl!X46/HUNGARY2009ttl!$BE$24 -> 0 | Y50: =HUNGARY2009ttl!Y46/HUNGARY2009ttl!$BE$25 -> 0 | Z50: =HUNGARY2009ttl!Z46/HUNGARY2009ttl!$BE$26 -> 0 | AA50: =HUNGARY2009ttl!AA46/HUNGARY2009ttl!$BE$27 -> 0 | AB50: =HUNGARY2009ttl!AB46/HUNGARY2009ttl!$BE$28 -> 0 | AC50: =HUNGARY2009ttl!AC46/HUNGARY2009ttl!$BE$29 -> 0 | AD50: =HUNGARY2009ttl!AD46/HUNGARY2009ttl!$BE$30 -> 0 | AE50: =HUNGARY2009ttl!AE46/HUNGARY2009ttl!$BE$31 -> 0 | AF50: =HUNGARY2009ttl!AF46/HUNGARY2009ttl!$BE$32 -> 0 | AG50: =HUNGARY2009ttl!AG46/HUNGARY2009ttl!$BE$33 -> 0 | AH50: =HUNGARY2009ttl!AH46/HUNGARY2009ttl!$BE$34 -> 0 | AI50: =HUNGARY2009ttl!AI46/HUNGARY2009ttl!$BE$35 -> 0 | AJ50: =HUNGARY2009ttl!AJ46/HUNGARY2009ttl!$BE$36 -> 0 | AK50: =HUNGARY2009ttl!AK46/HUNGARY2009ttl!$BE$37 -> 0 | AL50: =HUNGARY2009ttl!AL46/HUNGARY2009ttl!$BE$38 -> 0 | AM50: =HUNGARY2009ttl!AM46/HUNGARY2009ttl!$BE$39 -> 0 | AN50: =HUNGARY2009ttl!AN46/HUNGARY2009ttl!$BE$40 -> 0 | AO50: =HUNGARY2009ttl!AO46/HUNGARY2009ttl!$BE$41 -> 0 | AP50: =HUNGARY2009ttl!AP46/HUNGARY2009ttl!$BE$42 -> 0 | AQ50: =HUNGARY2009ttl!AQ46/HUNGARY2009ttl!$BE$43 -> 0 | AR50: =HUNGARY2009ttl!AR46/HUNGARY2009ttl!$BE$44 -> 0 | AS50: =HUNGARY2009ttl!AS46/HUNGARY2009ttl!$BE$45 -> 0 | AT50: =HUNGARY2009ttl!AT46/HUNGARY2009ttl!$BE$46 -> 0
B53: IDENTITY MATRIX (I)
B57: 1 | C57: 0 | D57: 0 | E57: 0 | F57: 0 | G57: 0 | H57: 0 | I57: 0 | J57: 0 | K57: 0 | L57: 0 | M57: 0 | N57: 0 | O57: 0 | P57: 0 | Q57: 0 | R57: 0 | S57: 0 | T57: 0 | U57: 0 | V57: 0 | W57: 0 | X57: 0 | Y57: 0 | Z57: 0 | AA57: 0 | AB57: 0 | AC57: 0 | AD57: 0 | AE57: 0 | AF57: 0 | AG57: 0 | AH57: 0 | AI57: 0 | AJ57: 0 | AK57: 0 | AL57: 0 | AM57: 0 | AN57: 0 | AO57: 0 | AP57: 0 | AQ57: 0 | AR57: 0 | AS57: 0 | AT57: 0
B58: 0 | C58: 1 | D58: 0 | E58: 0 | F58: 0 | G58: 0 | H58: 0 | I58: 0 | J58: 0 | K58: 0 | L58: 0 | M58: 0 | N58: 0 | O58: 0 | P58: 0 | Q58: 0 | R58: 0 | S58: 0 | T58: 0 | U58: 0 | V58: 0 | W58: 0 | X58: 0 | Y58: 0 | Z58: 0 | AA58: 0 | AB58: 0 | AC58: 0 | AD58: 0 | AE58: 0 | AF58: 0 | AG58: 0 | AH58: 0 | AI58: 0 | AJ58: 0 | AK58: 0 | AL58: 0 | AM58: 0 | AN58: 0 | AO58: 0 | AP58: 0 | AQ58: 0 | AR58: 0 | AS58: 0 | AT58: 0
B59: 0 | C59: 0 | D59: 1 | E59: 0 | F59: 0 | G59: 0 | H59: 0 | I59: 0 | J59: 0 | K59: 0 | L59: 0 | M59: 0 | N59: 0 | O59: 0 | P59: 0 | Q59: 0 | R59: 0 | S59: 0 | T59: 0 | U59: 0 | V59: 0 | W59: 0 | X59: 0 | Y59: 0 | Z59: 0 | AA59: 0 | AB59: 0 | AC59: 0 | AD59: 0 | AE59: 0 | AF59: 0 | AG59: 0 | AH59: 0 | AI59: 0 | AJ59: 0 | AK59: 0 | AL59: 0 | AM59: 0 | AN59: 0 | AO59: 0 | AP59: 0 | AQ59: 0 | AR59: 0 | AS59: 0 | AT59: 0
B60: 0 | C60: 0 | D60: 0 | E60: 1 | F60: 0 | G60: 0 | H60: 0 | I60: 0 | J60: 0 | K60: 0 | L60: 0 | M60: 0 | N60: 0 | O60: 0 | P60: 0 | Q60: 0 | R60: 0 | S60: 0 | T60: 0 | U60: 0 | V60: 0 | W60: 0 | X60: 0 | Y60: 0 | Z60: 0 | AA60: 0 | AB60: 0 | AC60: 0 | AD60: 0 | AE60: 0 | AF60: 0 | AG60: 0 | AH60: 0 | AI60: 0 | AJ60: 0 | AK60: 0 | AL60: 0 | AM60: 0 | AN60: 0 | AO60: 0 | AP60: 0 | AQ60: 0 | AR60: 0 | AS60: 0 | AT60: 0
B61: 0 | C61: 0 | D61: 0 | E61: 0 | F61: 1 | G61: 0 | H61: 0 | I61: 0 | J61: 0 | K61: 0 | L61: 0 | M61: 0 | N61: 0 | O61: 0 | P61: 0 | Q61: 0 | R61: 0 | S61: 0 | T61: 0 | U61: 0 | V61: 0 | W61: 0 | X61: 0 | Y61: 0 | Z61: 0 | AA61: 0 | AB61: 0 | AC61: 0 | AD61: 0 | AE61: 0 | AF61: 0 | AG61: 0 | AH61: 0 | AI61: 0 | AJ61: 0 | AK61: 0 | AL61: 0 | AM61: 0 | AN61: 0 | AO61: 0 | AP61: 0 | AQ61: 0 | AR61: 0 | AS61: 0 | AT61: 0
B62: 0 | C62: 0 | D62: 0 | E62: 0 | F62: 0 | G62: 1 | H62: 0 | I62: 0 | J62: 0 | K62: 0 | L62: 0 | M62: 0 | N62: 0 | O62: 0 | P62: 0 | Q62: 0 | R62: 0 | S62: 0 | T62: 0 | U62: 0 | V62: 0 | W62: 0 | X62: 0 | Y62: 0 | Z62: 0 | AA62: 0 | AB62: 0 | AC62: 0 | AD62: 0 | AE62: 0 | AF62: 0 | AG62: 0 | AH62: 0 | AI62: 0 | AJ62: 0 | AK62: 0 | AL62: 0 | AM62: 0 | AN62: 0 | AO62: 0 | AP62: 0 | AQ62: 0 | AR62: 0 | AS62: 0 | AT62: 0
B63: 0 | C63: 0 | D63: 0 | E63: 0 | F63: 0 | G63: 0 | H63: 1 | I63: 0 | J63: 0 | K63: 0 | L63: 0 | M63: 0 | N63: 0 | O63: 0 | P63: 0 | Q63: 0 | R63: 0 | S63: 0 | T63: 0 | U63: 0 | V63: 0 | W63: 0 | X63: 0 | Y63: 0 | Z63: 0 | AA63: 0 | AB63: 0 | AC63: 0 | AD63: 0 | AE63: 0 | AF63: 0 | AG63: 0 | AH63: 0 | AI63: 0 | AJ63: 0 | AK63: 0 | AL63: 0 | AM63: 0 | AN63: 0 | AO63: 0 | AP63: 0 | AQ63: 0 | AR63: 0 | AS63: 0 | AT63: 0
B64: 0 | C64: 0 | D64: 0 | E64: 0 | F64: 0 | G64: 0 | H64: 0 | I64: 1 | J64: 0 | K64: 0 | L64: 0 | M64: 0 | N64: 0 | O64: 0 | P64: 0 | Q64: 0 | R64: 0 | S64: 0 | T64: 0 | U64: 0 | V64: 0 | W64: 0 | X64: 0 | Y64: 0 | Z64: 0 | AA64: 0 | AB64: 0 | AC64: 0 | AD64: 0 | AE64: 0 | AF64: 0 | AG64: 0 | AH64: 0 | AI64: 0 | AJ64: 0 | AK64: 0 | AL64: 0 | AM64: 0 | AN64: 0 | AO64: 0 | AP64: 0 | AQ64: 0 | AR64: 0 | AS64: 0 | AT64: 0
B65: 0 | C65: 0 | D65: 0 | E65: 0 | F65: 0 | G65: 0 | H65: 0 | I65: 0 | J65: 1 | K65: 0 | L65: 0 | M65: 0 | N65: 0 | O65: 0 | P65: 0 | Q65: 0 | R65: 0 | S65: 0 | T65: 0 | U65: 0 | V65: 0 | W65: 0 | X65: 0 | Y65: 0 | Z65: 0 | AA65: 0 | AB65: 0 | AC65: 0 | AD65: 0 | AE65: 0 | AF65: 0 | AG65: 0 | AH65: 0 | AI65: 0 | AJ65: 0 | AK65: 0 | AL65: 0 | AM65: 0 | AN65: 0 | AO65: 0 | AP65: 0 | AQ65: 0 | AR65: 0 | AS65: 0 | AT65: 0
B66: 0 | C66: 0 | D66: 0 | E66: 0 | F66: 0 | G66: 0 | H66: 0 | I66: 0 | J66: 0 | K66: 1 | L66: 0 | M66: 0 | N66: 0 | O66: 0 | P66: 0 | Q66: 0 | R66: 0 | S66: 0 | T66: 0 | U66: 0 | V66: 0 | W66: 0 | X66: 0 | Y66: 0 | Z66: 0 | AA66: 0 | AB66: 0 | AC66: 0 | AD66: 0 | AE66: 0 | AF66: 0 | AG66: 0 | AH66: 0 | AI66: 0 | AJ66: 0 | AK66: 0 | AL66: 0 | AM66: 0 | AN66: 0 | AO66: 0 | AP66: 0 | AQ66: 0 | AR66: 0 | AS66: 0 | AT66: 0
B67: 0 | C67: 0 | D67: 0 | E67: 0 | F67: 0 | G67: 0 | H67: 0 | I67: 0 | J67: 0 | K67: 0 | L67: 1 | M67: 0 | N67: 0 | O67: 0 | P67: 0 | Q67: 0 | R67: 0 | S67: 0 | T67: 0 | U67: 0 | V67: 0 | W67: 0 | X67: 0 | Y67: 0 | Z67: 0 | AA67: 0 | AB67: 0 | AC67: 0 | AD67: 0 | AE67: 0 | AF67: 0 | AG67: 0 | AH67: 0 | AI67: 0 | AJ67: 0 | AK67: 0 | AL67: 0 | AM67: 0 | AN67: 0 | AO67: 0 | AP67: 0 | AQ67: 0 | AR67: 0 | AS67: 0 | AT67: 0
B68: 0 | C68: 0 | D68: 0 | E68: 0 | F68: 0 | G68: 0 | H68: 0 | I68: 0 | J68: 0 | K68: 0 | L68: 0 | M68: 1 | N68: 0 | O68: 0 | P68: 0 | Q68: 0 | R68: 0 | S68: 0 | T68: 0 | U68: 0 | V68: 0 | W68: 0 | X68: 0 | Y68: 0 | Z68: 0 | AA68: 0 | AB68: 0 | AC68: 0 | AD68: 0 | AE68: 0 | AF68: 0 | AG68: 0 | AH68: 0 | AI68: 0 | AJ68: 0 | AK68: 0 | AL68: 0 | AM68: 0 | AN68: 0 | AO68: 0 | AP68: 0 | AQ68: 0 | AR68: 0 | AS68: 0 | AT68: 0
... B101: 0 | C101: 0 | D101: 0 | E101: 0 | F101: 0 | G101: 0 | H101: 0 | I101: 0 | J101: 0 | K101: 0 | L101: 0 | M101: 0 | N101: 0 | O101: 0 | P101: 0 | Q101: 0 | R101: 0 | S101: 0 | T101: 0 | U101: 0 | V101: 0 | W101: 0 | X101: 0 | Y101: 0 | Z101: 0 | AA101: 0 | AB101: 0 | AC101: 0 | AD101: 0 | AE101: 0 | AF101: 0 | AG101: 0 | AH101: 0 | AI101: 0 | AJ101: 0 | AK101: 0 | AL101: 0 | AM101: 0 | AN101: 0 | AO101: 0 | AP101: 0 | AQ101: 0 | AR101: 0 | AS101: 0 | AT101: 1
B104: (I - A) MATRIX
B108: =B57-B6 -> 0.78616519 | C108: =C57-C6 -> -0.080338266 | D108: =D57-D6 -> -0.00093984962 | E108: =E57-E6 -> -0.0015427337 | F108: =F57-F6 -> -0.0011691348 | G108: =G57-G6 -> -0.24610997 | H108: =H57-H6 -> -0.0066505066 | I108: =I57-I6 -> -0.073006255 | ... AT108: =AT57-AT6 -> 0
B109: =B58-B7 -> -0.00013269891 | C109: =C58-C7 -> 0.88794926 | D109: =D58-D7 -> 0 | E109: =E58-E7 -> 0 | F109: =F58-F7 -> 0 | G109: =G58-G7 -> -0.00018688399 | H109: =H58-H7 -> 0 | I109: =I58-I7 -> 0 | ... AT109: =AT58-AT7 -> 0
B110: =B59-B8 -> -0.0032700802 | C110: =C59-C8 -> -0.0021141649 | D110: =D59-D8 -> 0.97932331 | E110: =E59-E8 -> -0.023141006 | F110: =F59-F8 -> -0.0031176929 | G110: =G59-G8 -> -0.0035751721 | H110: =H59-H8 -> -0.0011187768 | I110: =I59-I8 -> -0.0017591869 | ... AT110: =AT59-AT8 -> 0
B111: =B60-B9 -> -0.0013554245 | C111: =C60-C9 -> 0 | D111: =D60-D9 -> -0.041353383 | E111: =E60-E9 -> 0.96390003 | F111: =F60-F9 -> -0.033515199 | G111: =G60-G9 -> -0.0041683256 | H111: =H60-H9 -> -0.00049723414 | I111: =I60-I9 -> -0.0011727912 | ... AT111: =AT60-AT9 -> 0
B112: =B61-B10 -> -4.7392466e-05 | C112: =C61-C10 -> 0 | D112: =D61-D10 -> -0.1287594 | E112: =E61-E10 -> -0.001234187 | F112: =F61-F10 -> 0.95206547 | G112: =G61-G10 -> -4.8752346e-05 | H112: =H61-H10 -> 0 | I112: =I61-I10 -> -0.00029319781 | ... AT112: =AT61-AT10 -> 0
B113: =B62-B11 -> -0.081524521 | C113: =C62-C11 -> -0.050739958 | D113: =D62-D11 -> -0.00093984962 | E113: =E62-E11 -> -0.00092564023 | F113: =F62-F11 -> -0.0011691348 | G113: =G62-G11 -> 0.89254983 | H113: =H62-H11 -> -0.0023618621 | I113: =I62-I11 -> -0.0017591869 | ... AT113: =AT62-AT11 -> 0
B114: =B63-B12 -> -0.00046444617 | C114: =C63-C12 -> 0 | D114: =D63-D12 -> -0.00093984962 | E114: =E63-E12 -> -0.00061709349 | F114: =F63-F12 -> -0.00038971161 | G114: =G63-G12 -> -0.00078816293 | H114: =H63-H12 -> 0.80085773 | I114: =I63-I12 -> -0.0010750586 | ... AT114: =AT63-AT12 -> 0
B115: =B64-B13 -> -0.0020378761 | C115: =C64-C13 -> 0 | D115: =D64-D13 -> 0 | E115: =E64-E13 -> -0.00030854674 | F115: =F64-F13 -> -0.00038971161 | G115: =G64-G13 -> -0.0015844513 | H115: =H64-H13 -> -0.0022997079 | I115: =I64-I13 -> 0.80746677 | ... AT115: =AT64-AT13 -> 0
B116: =B65-B14 -> -0.0022084889 | C116: =C65-C14 -> -0.0021141649 | D116: =D65-D14 -> 0 | E116: =E65-E14 -> -0.001234187 | F116: =F65-F14 -> -0.00038971161 | G116: =G65-G14 -> -0.019874706 | H116: =H65-H14 -> -0.0060289639 | I116: =I65-I14 -> -0.021598905 | ... AT116: =AT65-AT14 -> 0
B117: =B66-B15 -> -0.023838411 | C117: =C66-C15 -> -0.029598309 | D117: =D66-D15 -> -0.022556391 | E117: =E66-E15 -> -0.032705955 | F117: =F66-F15 -> -0.030787217 | G117: =G66-G15 -> -0.0086779176 | H117: =H66-H15 -> -0.0052831127 | I117: =I66-I15 -> -0.0095777952 | ... AT117: =AT66-AT15 -> 0
B118: =B67-B16 -> -0.049705219 | C118: =C67-C16 -> -0.0021141649 | D118: =D67-D16 -> -0.0046992481 | E118: =E67-E16 -> -0.012958963 | F118: =F67-F16 -> -0.018706157 | G118: =G67-G16 -> -0.023433628 | H118: =H67-H16 -> -0.026415563 | I118: =I67-I16 -> -0.029808444 | ... AT118: =AT67-AT16 -> 0
B119: =B68-B17 -> -0.0044833273 | C119: =C68-C17 -> -0.0021141649 | D119: =D68-D17 -> -0.00093984962 | E119: =E68-E17 -> -0.00092564023 | F119: =F68-F17 -> -0.0011691348 | G119: =G68-G17 -> -0.0027545076 | H119: =H68-H17 -> -0.0020510908 | I119: =I68-I17 -> -0.0017591869 | ... AT119: =AT68-AT17 -> 0
... B152: =B101-B50 -> 0 | C152: =C101-C50 -> 0 | D152: =D101-D50 -> 0 | E152: =E101-E50 -> 0 | F152: =F101-F50 -> 0 | G152: =G101-G50 -> 0 | H152: =H101-H50 -> 0 | I152: =I101-I50 -> 0 | ... AT152: =AT101-AT50 -> 1
B156: LEONTIEF MATRIX L = (I - A)^-1
B159: A01_02 | C159: A03 | D159: B05_06 | E159: B07_08 | F159: B09 | G159: C10T12 | H159: C13T15 | I159: C16 | J159: C17_18 | K159: C19 | L159: C20 | M159: C21 | N159: C22 | O159: C23 | P159: C24 | Q159: C25 | R159: C26 | S159: C27 | T159: C28 | U159: C29 | V159: C30 | W159: C31T33 | X159: D | Y159: E | Z159: F | AA159: G | AB159: H49 | AC159: H50 | AD159: H51 | AE159: H52 | AF159: H53 | AG159: I | AH159: J58T60 | AI159: J61 | AJ159: J62_63 | AK159: K | AL159: L | AM159: M | AN159: N | AO159: O | AP159: P | AQ159: Q | AR159: R | AS159: S | AT159: T
A160: TTL_A01_02 | B160: 1.3178537 | C160: 0.1461577 | D160: 0.0067522058 | E160: 0.0097664277 | F160: 0.0092883539 | G160: 0.37134771 | H160: 0.02208671 | I160: 0.12935148 | J160: 0.020854308 | K160: 0.013083059 | L160: 0.020753811 | M160: 0.019262377 | N160: 0.025801518 | O160: 0.01530343 | P160: 0.015621336 | Q160: 0.012985784 | R160: 0.01642394 | S160: 0.015614303 | T160: 0.011613399 | U160: 0.014406517 | V160: 0.012221537 | W160: 0.020928547 | X160: 0.021943101 | Y160: 0.011909583 | Z160: 0.014904026 | AA160: 0.027210892 | AB160: 0.0097959635 | AC160: 0.017462771 | AD160: 0.015153712 | AE160: 0.010264916 | AF160: 0.0042168608 | AG160: 0.1111219 | AH160: 0.0095174436 | AI160: 0.0058942393 | AJ160: 0.0052718843 | AK160: 0.0046153491 | AL160: 0.0057522061 | AM160: 0.0083311838 | AN160: 0.014715221 | AO160: 0.0051743017 | AP160: 0.0041393087 | AQ160: 0.017334168 | AR160: 0.010434058 | AS160: 0.012540453 | AT160: 0
A161: TTL_A03 | B161: 0.00023322498 | C161: 1.1262396 | D161: 1.248554e-05 | E161: 1.4071344e-05 | F161: 1.6847592e-05 | G161: 0.00031343685 | H161: 1.8063923e-05 | I161: 3.6485224e-05 | J161: 2.14131e-05 | K161: 3.4846345e-05 | L161: 2.3424107e-05 | M161: 2.0270939e-05 | N161: 2.1704815e-05 | O161: 1.7493172e-05 | P161: 2.0393161e-05 | Q161: 1.7113487e-05 | R161: 3.7168431e-05 | S161: 2.1907646e-05 | T161: 1.5750668e-05 | U161: 2.8442173e-05 | V161: 1.8152015e-05 | W161: 1.8757262e-05 | X161: 1.6261455e-05 | Y161: 1.2884087e-05 | Z161: 2.5191016e-05 | AA161: 3.6584286e-05 | AB161: 1.6599128e-05 | AC161: 2.5656618e-05 | AD161: 3.1140863e-05 | AE161: 1.4582378e-05 | AF161: 9.1614958e-06 | AG161: 0.0022759635 | AH161: 1.3505873e-05 | AI161: 1.1294158e-05 | AJ161: 1.6493101e-05 | AK161: 1.3492301e-05 | AL161: 8.8912665e-06 | AM161: 1.9782016e-05 | AN161: 0.00010352608 | AO161: 1.6602087e-05 | AP161: 1.1971083e-05 | AQ161: 5.1018715e-05 | AR161: 0.00015760882 | AS161: 4.3818827e-05 | AT161: 0
A162: TTL_B05_06 | B162: 0.035763864 | C162: 0.030363066 | D162: 1.0436317 | E162: 0.056645038 | F162: 0.033277106 | G162: 0.033802888 | H162: 0.021226473 | I162: 0.034366139 | J162: 0.032786995 | K162: 0.33702744 | L162: 0.11948192 | M162: 0.029116767 | N162: 0.044943714 | O162: 0.063290356 | P162: 0.11725418 | Q162: 0.037230255 | R162: 0.025976437 | S162: 0.042035121 | T162: 0.025346453 | U162: 0.026323294 | V162: 0.03398229 | W162: 0.023058543 | X162: 0.13084007 | Y162: 0.030202587 | Z162: 0.032537709 | AA162: 0.022919112 | AB162: 0.049448196 | AC162: 0.070924475 | AD162: 0.054444054 | AE162: 0.035741284 | AF162: 0.011752665 | AG162: 0.026150896 | AH162: 0.010998788 | AI162: 0.0099225373 | AJ162: 0.0083728587 | AK162: 0.0079658531 | AL162: 0.011870705 | AM162: 0.014788417 | AN162: 0.016491285 | AO162: 0.012865717 | AP162: 0.016538428 | AQ162: 0.024148951 | AR162: 0.029837903 | AS162: 0.015721065 | AT162: 0
A163: TTL_B07_08 | B163: 0.0055544693 | C163: 0.0032285338 | D163: 0.050792203 | E163: 1.042716 | F163: 0.0403634 | G163: 0.0091080516 | H163: 0.0033460899 | I163: 0.0060879578 | J163: 0.005550204 | K163: 0.018055362 | L163: 0.011383825 | M163: 0.0036864528 | N163: 0.0065920258 | O163: 0.046196796 | P163: 0.02087598 | Q163: 0.011483348 | R163: 0.0045718011 | S163: 0.0082671089 | T163: 0.0056452566 | U163: 0.0056255728 | V163: 0.0059097319 | W163: 0.0046174763 | X163: 0.0080082632 | Y163: 0.0049745966 | Z163: 0.016634707 | AA163: 0.0037224299 | AB163: 0.0038277007 | AC163: 0.0062015827 | AD163: 0.0042464466 | AE163: 0.003670584 | AF163: 0.0010746306 | AG163: 0.0038306406 | AH163: 0.0016928227 | AI163: 0.0013716788 | AJ163: 0.0015361516 | AK163: 0.0010349704 | AL163: 0.0036101833 | AM163: 0.0026422133 | AN163: 0.0023953852 | AO163: 0.0014353087 | AP163: 0.0015959597 | AQ163: 0.0031068959 | AR163: 0.0034439284 | AS163: 0.0031670488 | AT163: 0
A164: TTL_B09 | B164: 0.0059493689 | C164: 0.0050625555 | D164: 0.14198043 | E164: 0.010105803 | F164: 1.0559578 | G164: 0.0055607006 | H164: 0.0035178613 | I164: 0.0060363227 | J164: 0.0052730238 | K164: 0.060264093 | L164: 0.019672006 | M164: 0.0047766834 | N164: 0.0077869274 | O164: 0.010147545 | P164: 0.01990409 | Q164: 0.0062835863 | R164: 0.0044252654 | S164: 0.0071346434 | T164: 0.0043697956 | U164: 0.0045987885 | V164: 0.0057980199 | W164: 0.0042762888 | X164: 0.019767945 | Y164: 0.0050218587 | Z164: 0.0063280014 | AA164: 0.0038308075 | AB164: 0.0085216823 | AC164: 0.012395127 | AD164: 0.0094300294 | AE164: 0.0057774887 | AF164: 0.0019031047 | AG164: 0.0041784774 | AH164: 0.0018248293 | AI164: 0.0016347884 | AJ164: 0.0014158348 | AK164: 0.0013411638 | AL164: 0.0019620397 | AM164: 0.0025169668 | AN164: 0.0027861086 | AO164: 0.002055345 | AP164: 0.0025502079 | AQ164: 0.0039135321 | AR164: 0.0047331725 | AS164: 0.0025830651 | AT164: 0
A165: TTL_C10T12 | B165: 0.12494793 | C165: 0.081337776 | D165: 0.0050480946 | E165: 0.0061944555 | F165: 0.0069138144 | G165: 1.1600272 | H165: 0.010590527 | I165: 0.019922162 | J165: 0.01748171 | K165: 0.011931152 | L165: 0.016648062 | M165: 0.013591621 | N165: 0.013944357 | O165: 0.0089056158 | P165: 0.0097066872 | Q165: 0.0080357201 | R165: 0.011031329 | S165: 0.010328017 | T165: 0.0069647115 | U165: 0.0087860828 | V165: 0.0077411842 | W165: 0.0090755298 | X165: 0.0089012733 | Y165: 0.0077931222 | Z165: 0.0076544156 | AA165: 0.015820307 | AB165: 0.0060353484 | AC165: 0.017873068 | AD165: 0.013133945 | AE165: 0.0048579906 | AF165: 0.0032833655 | AG165: 0.26090396 | AH165: 0.005413894 | AI165: 0.0036742737 | AJ165: 0.0043863015 | AK165: 0.003848242 | AL165: 0.0037175605 | AM165: 0.0073050472 | AN165: 0.019513158 | AO165: 0.0054687835 | AP165: 0.0034340111 | AQ165: 0.026089522 | AR165: 0.010454173 | AS165: 0.011725497 | AT165: 0
A166: TTL_C13T15 | B166: 0.0023213122 | C166: 0.0014931728 | D166: 0.0023135011 | E166: 0.0024364532 | F166: 0.0021887809 | G166: 0.0033479206 | H166: 1.2512702 | I166: 0.0041791898 | J166: 0.0077049444 | K166: 0.0021967668 | L166: 0.0037407973 | M166: 0.0029766806 | N166: 0.01479644 | O166: 0.0039259206 | P166: 0.0037436005 | Q166: 0.0034141019 | R166: 0.0061622277 | S166: 0.0059207727 | T166: 0.004597462 | U166: 0.010806193 | V166: 0.0042838426 | W166: 0.023866253 | X166: 0.0022799172 | Y166: 0.0031756871 | Z166: 0.0036791485 | AA166: 0.0031081602 | AB166: 0.0023412359 | AC166: 0.0029434017 | AD166: 0.0024593579 | AE166: 0.0021248175 | AF166: 0.0021455477 | AG166: 0.0029088708 | AH166: 0.0018900728 | AI166: 0.0014178199 | AJ166: 0.0013610383 | AK166: 0.0010168877 | AL166: 0.0010922723 | AM166: 0.0015584749 | AN166: 0.0023926032 | AO166: 0.0014270535 | AP166: 0.00090890811 | AQ166: 0.0041017107 | AR166: 0.0055531973 | AS166: 0.0092094984 | AT166: 0
A167: TTL_C16 | B167: 0.0061721799 | C167: 0.0029197026 | D167: 0.0020824512 | E167: 0.0039663111 | F167: 0.0039428715 | G167: 0.0065981902 | H167: 0.0079115071 | I167: 1.2428514 | J167: 0.0076734669 | K167: 0.0034221448 | L167: 0.0088571641 | M167: 0.0035944129 | N167: 0.009596143 | O167: 0.014587865 | P167: 0.0082935662 | Q167: 0.011292554 | R167: 0.007327998 | S167: 0.010280597 | T167: 0.0075133452 | U167: 0.0079524169 | V167: 0.0092781737 | W167: 0.049582385 | X167: 0.006010942 | Y167: 0.004045351 | Z167: 0.030264279 | AA167: 0.0057239316 | AB167: 0.0044467644 | AC167: 0.006525608 | AD167: 0.0043875284 | AE167: 0.00427087 | AF167: 0.0013943546 | AG167: 0.0039491936 | AH167: 0.0023494533 | AI167: 0.0024534099 | AJ167: 0.0017179453 | AK167: 0.0014830958 | AL167: 0.0073359404 | AM167: 0.00371666 | AN167: 0.0036448334 | AO167: 0.0017707152 | AP167: 0.0013709784 | AQ167: 0.0035017888 | AR167: 0.003177718 | AS167: 0.0036888382 | AT167: 0
A168: TTL_C17_18 | B168: 0.018050645 | C168: 0.015135559 | D168: 0.0063290735 | E168: 0.011243402 | F168: 0.010682415 | G168: 0.048197657 | H168: 0.023644061 | I168: 0.052439481 | J168: 1.4833657 | K168: 0.010054715 | L168: 0.032135297 | M168: 0.024217097 | N168: 0.035692313 | O168: 0.022731897 | P168: 0.015212354 | Q168: 0.016682118 | R168: 0.028352834 | S168: 0.032608747 | T168: 0.014661449 | U168: 0.018799264 | V168: 0.015552392 | W168: 0.026341919 | X168: 0.010981409 | Y168: 0.0099198311 | Z168: 0.014455989 | AA168: 0.031708124 | AB168: 0.01080172 | AC168: 0.014866242 | AD168: 0.013085652 | AE168: 0.011097065 | AF168: 0.015041673 | AG168: 0.021366438 | AH168: 0.15323075 | AI168: 0.011678768 | AJ168: 0.01186164 | AK168: 0.020132038 | AL168: 0.012230844 | AM168: 0.016562103 | AN168: 0.018495346 | AO168: 0.01239687 | AP168: 0.010397527 | AQ168: 0.011046468 | AR168: 0.020275072 | AS168: 0.016733159 | AT168: 0
A169: TTL_C19 | B169: 0.065841026 | C169: 0.060023627 | D169: 0.049881392 | E169: 0.066735957 | F169: 0.063901867 | G169: 0.052322246 | H169: 0.034515802 | I169: 0.051445717 | J169: 0.039789993 | K169: 1.1322262 | L169: 0.21824099 | M169: 0.043437061 | N169: 0.079061204 | O169: 0.071531136 | P169: 0.11753213 | Q169: 0.046080601 | R169: 0.041269304 | S169: 0.058294838 | T169: 0.034012184 | U169: 0.037536515 | V169: 0.038502509 | W169: 0.035286496 | X169: 0.050867512 | Y169: 0.041272497 | Z169: 0.052119681 | AA169: 0.037405707 | AB169: 0.12382986 | AC169: 0.19880708 | AD169: 0.14321404 | AE169: 0.045016413 | AF169: 0.018871539 | AG169: 0.030010716 | AH169: 0.014610275 | AI169: 0.012120147 | AJ169: 0.012158736 | AK169: 0.012459113 | AL169: 0.01457015 | AM169: 0.01918079 | AN169: 0.02549307 | AO169: 0.013431858 | AP169: 0.012235297 | AQ169: 0.025743076 | AR169: 0.026675378 | AS169: 0.020937091 | AT169: 0
A170: TTL_C20 | B170: 0.096965263 | C170: 0.026621843 | D170: 0.019864221 | E170: 0.032444941 | F170: 0.040530974 | G170: 0.07505183 | H170: 0.063560171 | I170: 0.078333275 | J170: 0.058236688 | K170: 0.062715958 | L170: 1.2437405 | M170: 0.11435324 | N170: 0.25851978 | O170: 0.084026116 | P170: 0.040251325 | Q170: 0.037761631 | R170: 0.053311302 | S170: 0.093260063 | T170: 0.031329352 | U170: 0.044829869 | V170: 0.034287229 | W170: 0.048501908 | X170: 0.022741654 | Y170: 0.02697896 | Z170: 0.043018291 | AA170: 0.0228991 | AB170: 0.02111319 | AC170: 0.033728895 | AD170: 0.022017272 | AE170: 0.015213099 | AF170: 0.0086539523 | AG170: 0.031182822 | AH170: 0.014865426 | AI170: 0.0083310769 | AJ170: 0.0087713969 | AK170: 0.0078361958 | AL170: 0.012805844 | AM170: 0.015955911 | AN170: 0.019897156 | AO170: 0.0073855165 | AP170: 0.008649342 | AQ170: 0.039562091 | AR170: 0.023375258 | AS170: 0.020331484 | AT170: 0
A171: TTL_C21 | B171: 0.0087290777 | C171: 0.0049583237 | D171: 0.0023889512 | E171: 0.0028435979 | F171: 0.0033263567 | G171: 0.0074885768 | H171: 0.005076573 | I171: 0.0056394865 | J171: 0.0045838918 | K171: 0.004263046 | L171: 0.013432391 | M171: 1.0782845 | N171: 0.013546426 | O171: 0.0054022877 | P171: 0.0058356073 | Q171: 0.0037830515 | R171: 0.0057511994 | S171: 0.006988527 | T171: 0.0037237548 | U171: 0.0055500623 | V171: 0.0035240863 | W171: 0.0042362694 | X171: 0.0024051233 | Y171: 0.0025159258 | Z171: 0.0036310522 | AA171: 0.0027777662 | AB171: 0.0023742746 | AC171: 0.0044223031 | AD171: 0.0034652807 | AE171: 0.0017126215 | AF171: 0.0011097964 | AG171: 0.003632351 | AH171: 0.0018592085 | AI171: 0.0012675208 | AJ171: 0.0020469439 | AK171: 0.0011574678 | AL171: 0.0012753731 | AM171: 0.0026988552 | AN171: 0.0024315584 | AO171: 0.0010543596 | AP171: 0.0010158527 | AQ171: 0.052388845 | AR171: 0.0032954441 | AS171: 0.0025811965 | AT171: 0
... A204: TTL_T | B204: 0 | C204: 0 | D204: 0 | E204: 0 | F204: 0 | G204: 0 | H204: 0 | I204: 0 | J204: 0 | K204: 0 | L204: 0 | M204: 0 | N204: 0 | O204: 0 | P204: 0 | Q204: 0 | R204: 0 | S204: 0 | T204: 0 | U204: 0 | V204: 0 | W204: 0 | X204: 0 | Y204: 0 | Z204: 0 | AA204: 0 | AB204: 0 | AC204: 0 | AD204: 0 | AE204: 0 | AF204: 0 | AG204: 0 | AH204: 0 | AI204: 0 | AJ204: 0 | AK204: 0 | AL204: 0 | AM204: 0 | AN204: 0 | AO204: 0 | AP204: 0 | AQ204: 0 | AR204: 0 | AS204: 0 | AT204: 1
A205: OUTPUT MULTIPLIERS
B206: =SUM(B160:B204) -> 2.4186963 | C206: =SUM(C160:C204) -> 2.2693109 | D206: =SUM(D160:D204) -> 1.9575968 | E206: =SUM(E160:E204) -> 2.2161894 | F206: =SUM(F160:F204) -> 2.2793933 | G206: =SUM(G160:G204) -> 2.7462819 | H206: =SUM(H160:H204) -> 2.3385784 | I206: =SUM(I160:I204) -> 2.6619985 | ... AT206: =SUM(AT160:AT204) -> 1

Sheet  sectoral analysis & comparison
A1: SECTORAL ANALYSIS (2008) | P1: SECTORAL ANALYSIS (2009)
A4: CONSUMPTION | B4: 104073.7 | C4: 0.31680498 | Y4: CONSUMPTION | Z4: 85867 | AA4: 0.32774627
A5: INVESTMENT | B5: 40444.9 | C5: 0.12311608 | Y5: INVESTMENT | Z5: 28540 | AA5: 0.1089345
A6: EXTERNAL DEMAND ADJUSTMENT | B6: 716.1 | C6: 0.0021798403 | Y6: EXTERNAL DEMAND ADJUSTMENT | Z6: 3649.4 | AA6: 0.013929417
A7: INTERMEDIATE DEMAND | B7: 183275.6 | C7: 0.5578991 | Y7: INTERMEDIATE DEMAND | Z7: 143935.9 | AA7: 0.54938981
A8: OUTPUT | B8: 328510.3 | C8: 1 | Y8: OUTPUT | Z8: 261992.3 | AA8: 1
A19: INDUSTRIES | B19: Primary | C19: Secondary | D19: Tertiary | E19: OUTPUT (2008) | Y19: INDUSTRIES | Z19: Primary | AA19: Secondary | AB19: Tertiary | AC19: OUTPUT (2009)
A20: Primary | B20: 3020.7 | C20: 8931 | D20: 1370.3 | E20: 13322 | Y20: Primary | Z20: 2378.4 | AA20: 6836.3 | AB20: 1145 | AC20: 10359.7
A21: Secondary | B21: 3162.5 | C21: 68087.9 | D21: 19205.5 | E21: 90455.9 | Y21: Secondary | Z21: 2445 | AA21: 49410.9 | AB21: 15275.9 | AC21: 67131.8
A22: Tertiary | B22: 2250.5 | C22: 31579.7 | D22: 45667.5 | E22: 79497.7 | Y22: Tertiary | Z22: 1865.6 | AA22: 25007.3 | AB22: 39571.5 | AC22: 66444.4
A23: INPUT | B23: 8433.7 | C23: 108598.6 | D23: 66243.3 | E23: 183275.6 | Y23: INPUT | Z23: 6689 | AA23: 81254.5 | AB23: 55992.4 | AC23: 143935.9
A33: SECTORAL COMPARISON (2008 vs 2009)
A36: SECTOR | B36: 2008 Output | C36: 2009 Output | D36: Growth% | E36: 2008 Share (%) | F36: 2009 Share (%) | G36: % Point Difference
A37: Primary | B37: 13322 | C37: 10359.7 | D37: =(C37-B37)/B37 -> -0.22236151 | E37: =B37/$B$40 -> 0.072688345 | F37: =C37/$C$40 -> 0.0719744 | G37: =F37-E37 -> -0.00071394505
A38: Secondary | B38: 90455.9 | C38: 67131.8 | D38: =(C38-B38)/B38 -> -0.25785051 | E38: =B38/$B$40 -> 0.49355124 | F38: =C38/$C$40 -> 0.46640067 | G38: =F38-E38 -> -0.027150573
A39: Tertiary | B39: 79497.7 | C39: 66444.4 | D39: =(C39-B39)/B39 -> -0.1641972 | E39: =B39/$B$40 -> 0.43376041 | F39: =C39/$C$40 -> 0.46162493 | G39: =F39-E39 -> 0.027864518
A40: TOTAL | B40: =SUM(B37:B39) -> 183275.6 | C40: =SUM(C37:C39) -> 143935.9
B43: OUTPUT COMPARISON | M43: GROWTH %
A66: SECTORAL INTERDEPENDENCY
A70: Rank (2008) | B70: Sector Name | C70: Multiplier 2008 | D70: Multiplier 2009 | E70: Change (2009 - 2008) | F70: Sector Group
A71: 1 | B71: C26 | C71: 3.59 | D71: 3.659 | E71: =D71-C71 -> 0.069 | F71: Secondary
A72: 2 | B72: C29 | C72: 3.083 | D72: 2.982 | E72: =D72-C72 -> -0.101 | F72: Secondary
A73: 3 | B73: C24 | C73: 2.898 | D73: 2.982 | E73: =D73-C73 -> 0.084 | F73: Secondary
A74: 4 | B74: C10T12 | C74: 2.855 | D74: 2.746 | E74: =D74-C74 -> -0.109 | F74: Secondary
A75: 5 | B75: C22 | C75: 2.806 | D75: 2.688 | E75: =D75-C75 -> -0.118 | F75: Secondary

Sheet top 5 & bottom 5 industries
A1: TOP 5 INDUSTRIES
A4: Rank (2008) | B4: Sector Name | C4: Total Output (2008) | D4: Total Output (2009) | E4: Sector Group | F4: Description (NACE Codes) | G4: Output Change (2008 → 2009)
A5: 1 | B5: G | C5: 32713.2 | D5: 24955.9 | E5: Tertiary | F5: Wholesale and Retail Trade | G5: =(D5-C5)/C5 -> -0.23713058
A6: 2 | B6: C29 | C6: 24001.9 | D6: 15269.2 | E6: Secondary | F6: Manufacture of Motor Vehicles, Trailers and Semi-trailers | G6: =(D6-C6)/C6 -> -0.3638337
A7: 3 | B7: C26 | C7: 22717 | D7: 18991.3 | E7: Secondary | F7: Manufacture of Computer, Electronic and Optical Products | G7: =(D7-C7)/C7 -> -0.16400493
A8: 4 | B8: F | C8: 17397.5 | D8: 14319 | E8: Secondary | F8: Construction | G8: =(D8-C8)/C8 -> -0.17695071
A9: 5 | B9: L | C9: 17025.4 | D9: 14997.8 | E9: Tertiary | F9: Real Estate Activities | G9: =(D9-C9)/C9 -> -0.11909265
A12: BOTTOM 5 INDUSTRIES
A15: Rank (2008) | B15: Sector Name | C15: Total Output (2008) | D15: Total Output (2009) | E15: Sector Group | F15: Description (NACE Codes) | G15: Output Change (2008 → 2009)
A16: 41 | B16: H50 | C16: 257.5 | D16: 175.1 | E16: Tertiary | F16: Water transport | G16: =(D16-C16)/C16 -> -0.32
A17: 42 | B17: B05_06 | C17: 254.3 | D17: 106.4 | E17: Primary | F17: Mining of coal and lignite | G17: =(D17-C17)/C17 -> -0.58159654
A18: 43 | B18: B09 | C18: 185.5 | D18: 256.6 | E18: Primary | F18: Mining support service activities | G18: =(D18-C18)/C18 -> 0.38328841
A19: 44 | B19: A03 | C19: 60.8 | D19: 47.3 | E19: Primary | F19: Fishing and aquaculture | G19: =(D19-C19)/C19 -> -0.22203947
A20: 45 | B20: T | C20: 18.1 | D20: 11.4 | E20: Tertiary | F20: Activities of households as employers | G20: =(D20-C20)/C20 -> -0.37016575
